#Genome	Chromosome	Start	End	Sequence	Reference	SNP	SNP_Freq	Read_Variance	Variance_Freq	Possible_SNP	Approx_sequencing_rate
56001808050381	1	86786149	86786200	CTCTACTTTCTTCATATCAATAGCCAACATCCTGTCATGAAAATATTCATCT	CTCTACTTTCTTCATATCAATAGCCAACATCCTGTCATGAAAATATTCATCT	-	0	-	0	-	0.0	
56001808050381	1	67396200	67396250	CC(T/G)G(T/G)TGTCCGG(A/T)ACAGGCC(A/C/T)(T/A)GCTCTGGGCGGGAG(C/G)TTCGCC(T/G)GG(A/C)ACTT	CCTGTTGTCCGGAACAGGCCATTCTCTGGGCGGGAGCTTCGCCTGGAACTT	67396222:T/G	1	67396202:{'T': 40, 'G': 1};67396204:{'T': 39, 'G': 1};67396212:{'A': 41, 'T': 1};67396220:{'A': 38, 'C': 2, 'T': 1};67396221:{'T': 40, 'A': 1};67396236:{'C': 31, 'G': 1};67396243:{'T': 31, 'G': 1};67396246:{'A': 31, 'C': 1}	8	-	0.15686	
56001808050381	7	56684190	56684240	ATAT(T/A)TCAAAATACTCTCTATGGCTCTGGCACAGGCAGGACAGTACCA(T/A)CA	ATATTTCAAAATACTCTCTATGGCTCTGGCACAGGCAGGACAGTACCATCA	-	0	56684194:{'T': 34, 'A': 1};56684238:{'T': 21, 'A': 1}	2	-	0.03922	
56001808050381	8	47405250	47405300	CTCTGTGAGCTCCAAAAAGTCCCTTCACAT(A/C)TTCTACAAAAACAGCTTTTC	CTCTGTGAGCTCCAAAAAGTCCCTTCACATATTCTACAAAAACAGCTTTTC	-	0	47405280:{'A': 30, 'C': 1}	1	-	0.01961	
56001808050381	8	77395250	77395300	T(G/T)(A/C)T(A/G)(T/A)(A/T)AT(G/A)AT(A/G)A(C/T)(G/A)(A/T)(T/A)G(T/A)(C/T)(T/G)(C/T)(T/C)T(T/C)(C/T)T(G/T)(G/C)(G/T)G(C/G)(C/G)(A/G)(A/C)(G/C)A(T/A)(T/G)A(G/T)(G/T)(C/A)(A/T)(G/T)(G/C)(C/A)(T/G)(T/G)(A/C)	TGATATAATGATAACGATGTCTCTTTCTGGGGCCAAGATTAGGCAGGCTTA	-	0	77395251:{'G': 31, 'T': 1};77395252:{'A': 32, 'C': 1};77395254:{'A': 32, 'G': 1};77395255:{'T': 32, 'A': 1};77395256:{'A': 32, 'T': 1};77395259:{'G': 32, 'A': 1};77395262:{'A': 32, 'G': 1};77395264:{'C': 32, 'T': 1};77395265:{'G': 32, 'A': 1};77395266:{'A': 33, 'T': 1};77395267:{'T': 33, 'A': 1};77395269:{'T': 34, 'A': 1};77395270:{'C': 34, 'T': 1};77395271:{'T': 34, 'G': 1};77395272:{'C': 34, 'T': 1};77395273:{'T': 34, 'C': 1};77395275:{'T': 34, 'C': 1};77395276:{'C': 34, 'T': 1};77395278:{'G': 34, 'T': 1};77395279:{'G': 34, 'C': 1};77395280:{'G': 34, 'T': 1};77395282:{'C': 34, 'G': 1};77395283:{'C': 35, 'G': 1};77395284:{'A': 35, 'G': 1};77395285:{'A': 38, 'C': 1};77395286:{'G': 40, 'C': 1};77395288:{'T': 40, 'A': 1};77395289:{'T': 40, 'G': 1};77395291:{'G': 38, 'T': 1};77395292:{'G': 38, 'T': 1};77395293:{'C': 38, 'A': 1};77395294:{'A': 38, 'T': 1};77395295:{'G': 39, 'T': 1};77395296:{'G': 40, 'C': 1};77395297:{'C': 40, 'A': 1};77395298:{'T': 40, 'G': 1};77395299:{'T': 40, 'G': 1};77395300:{'A': 39, 'C': 1}	38	-	0.7451	
56001808050381	9	96385250	96385300	CCCTGCTG(G/T)GA(T/A)GGTGGCAGAATCAGGTCAGG(T/A)(T/G)GGTGTA(G/T)CCTGTCCTG(T/A)	CCCTGCTGGGATGGTGGCAGAATCAGGTCAGGTTGGTGTAGCCTGTCCTGT	-	0	96385258:{'G': 34, 'T': 1};96385261:{'T': 35, 'A': 1};96385282:{'T': 35, 'A': 1};96385283:{'T': 35, 'G': 1};96385290:{'G': 35, 'T': 1};96385300:{'T': 33, 'A': 1}	6	-	0.11765	
56001808050381	10	86786149	86786200	A(C/T)TAGGGAAATTACTTTAAATGATGACTAGTTTTGCCTAATATCTCAGTTTT	ACTAGGGAAATTACTTTAAATGATGACTAGTTTTGCCTAATATCTCAGTTTT	-	0	86786150:{'C': 13, 'T': 8}	1	86786150:C//C/T	0.0	
56001808050381	11	96684180	96684250	(G/T)(G/A)(C/G)(A/G)(A/C)(G/C)A(T/G)AAA(T/A)A(A/T)A(T/A)AAAGGGTATTCAAATAGGAAAAGAAGAAGTCAAATTGTCTCTATTTGCAGATGAC	GGCAAGATAAATAAATAAAGTGTATTCAAATAGGAAAAGAAGAAGTCAAATTGTCTCTATTTGCAGATGAC	96684200:T/G	1	96684180:{'G': 22, 'T': 1};96684181:{'G': 22, 'A': 1};96684182:{'C': 24, 'G': 1};96684183:{'A': 24, 'G': 1};96684184:{'A': 24, 'C': 1};96684185:{'G': 24, 'C': 1};96684187:{'T': 24, 'G': 1};96684191:{'T': 24, 'A': 1};96684193:{'A': 25, 'T': 1};96684195:{'T': 25, 'A': 1}	10	-	0.14085	
56001808050381	12	96484500	96484550	TTTCTTCATAGAAGTATGAAAATGGACTAATACAGAAAGCTTCTGATCTTT	TTTCTTCACAGAAGTATGAAAATGGACTAATACAGAAAGCTTCTGATCTTT	96484508:C/T	1	-	0	-	0.0	
TSAB2165	1	86786149	86786200	CTCTA(C/A)TTT(C/A)TTCATATCAATAGCCAACATCCTGTCATGAAAATATTCATCT	CTCTACTTTCTTCATATCAATAGCCAACATCCTGTCATGAAAATATTCATCT	-	0	86786154:{'C': 14, 'A': 1};86786158:{'C': 14, 'A': 1}	2	-	0.03846	
TSAB2165	1	67396200	67396250	CCTG(T/G)T(G/T)(T/G)CCGG(A/C)ACAGGCC(A/C/T)TGCTC(T/G)GGGCGGG(A/C)GCTTCGCC(T/G)GG(A/C)(A/C)CT(T/G)	CCTGTTGTCCGGAACAGGCCATTCTCTGGGCGGGAGCTTCGCCTGGAACTT	67396222:T/G	1	67396204:{'T': 13, 'G': 2};67396206:{'G': 15, 'T': 1};67396207:{'T': 15, 'G': 1};67396212:{'A': 14, 'C': 1};67396220:{'A': 14, 'C': 1, 'T': 1};67396226:{'T': 15, 'G': 1};67396234:{'A': 15, 'C': 1};67396243:{'T': 17, 'G': 1};67396246:{'A': 18, 'C': 1};67396247:{'A': 18, 'C': 1};67396250:{'T': 16, 'G': 1}	11	-	0.21569	
TSAB2165	7	56684190	56684240	ATATTTCAAAATACTCTCTATGGCTCTGGCACAGGCAGGACAGTAC(C/A)(A/C)TCA	ATATTTCAAAATACTCTCTATGGCTCTGGCACAGGCAGGACAGTACCATCA	-	0	56684236:{'C': 18, 'A': 1};56684237:{'A': 18, 'C': 1}	2	-	0.03922	
TSAB2165	8	47405250	47405300	CTCTGTGAG(C/A)TCCAAAAAGTCCCTTCACA(T/G)ATTCTA(C/A)AAAAA(C/G)AGCTTTTC	CTCTGTGAGCTCCAAAAAGTCCCTTCACATATTCTACAAAAACAGCTTTTC	-	0	47405259:{'C': 19, 'A': 1};47405279:{'T': 20, 'G': 1};47405286:{'C': 19, 'A': 1};47405292:{'C': 19, 'G': 1}	4	-	0.07843	
TSAB2165	8	77395250	77395300	(T/G)GAT(A/C)TA(A/C)TGATAACGATGTCTCTTTCTGGGGCCAAGA(T/G)TAGGCAGGCT(T/G)(A/C)	TGATATAATGATAACGATGTCTCTTTCTGGGGCCAAGATTAGGCAGGCTTA	-	0	77395250:{'T': 16, 'G': 1};77395254:{'A': 16, 'C': 1};77395257:{'A': 14, 'C': 1};77395288:{'T': 16, 'G': 1};77395299:{'T': 14, 'G': 1};77395300:{'A': 14, 'C': 1}	6	-	0.11765	
TSAB2165	9	96385250	96385300	CCCTGCTGGGATGGTGGCAGAATC(A/C)GGTC(A/C)GG(T/G)TGG(T/G)GT(A/C)GCCTGTCCTGT	CCCTGCTGGGATGGTGGCAGAATCAGGTCAGGTTGGTGTAGCCTGTCCTGT	-	0	96385274:{'A': 30, 'C': 1};96385279:{'A': 30, 'C': 1};96385282:{'T': 29, 'G': 2};96385286:{'T': 29, 'G': 1};96385289:{'A': 28, 'C': 1}	5	-	0.09804	
TSAB2165	10	86786149	86786200	A(T/C)TAGG(G/T)AAATTACTTTAAAT(G/T)ATGACTAGTTTTGC(C/A)TAATATCTCAGTTTT	ACTAGGGAAATTACTTTAAATGATGACTAGTTTTGCCTAATATCTCAGTTTT	-	0	86786150:{'T': 9, 'C': 7};86786155:{'G': 15, 'T': 1};86786170:{'G': 13, 'T': 1};86786185:{'C': 15, 'A': 1}	4	86786150:C//T/C	0.05769	
TSAB2165	11	96684180	96684250	GG(C/A)AAGATAAATAAATAAAGGGTATTCAAATAGGAA(A/C)AGAAGAAGTCAAATTGTCTCTATTTGCAGATGAC	GGCAAGATAAATAAATAAAGTGTATTCAAATAGGAAAAGAAGAAGTCAAATTGTCTCTATTTGCAGATGAC	96684200:T/G	1	96684182:{'C': 15, 'A': 1};96684216:{'A': 15, 'C': 1}	2	-	0.02817	
TSAB2165	12	96484500	96484550	TTTCTTCATAGAAGTATGAA(A/C)(A/C)TG(G/T)(A/G)CTAATACAGAAAGCTTCTGATCTTT	TTTCTTCACAGAAGTATGAAAATGGACTAATACAGAAAGCTTCTGATCTTT	96484508:C/T	1	96484520:{'A': 17, 'C': 1};96484521:{'A': 16, 'C': 1};96484524:{'G': 16, 'T': 1};96484525:{'A': 15, 'G': 2}	4	-	0.07843	