Genome	Chromosome	Start	End	Processed_Sequence	Reference	SNP	SNP_Freq	Sequencing_Variance_Freq	Haploid	Approx_sequencing_rate
56001808050381	3	46412345	46412479	ACTTAATGATTTAACTCCACCCTCCTTCAAAAGAAACAGCATTTCCTACTTTTATACTGTCTATATGATTGATTTGCACAGCTCATCTGGCCAGAAGAGCTGAGACATCCGTTCCCCTACAAGAAACTCTCCCCG	ACTTAATGATTTAACTCCACCCTCCTTCAAAAGAAACAGCATTTCCTACTTTTATACTGTCTATATGATTGATTTGCACAGCTCATCTGGCCAGAAGAGCTGAGACATCCGTTCCCCTACAAGAAACTCTCCCCG	-	0	7	-	0.05185	
56001808050381	3	46414383	46417697	GGTGGAACAAGATGGATTATCAAGTGTCAAGTCCAATCTATGACATCAATTATTATACATCGGAGCCCTGCCAAAAAATCAATGTGAAGCAAATCGCAGCCCGCCTCCTGCCTCCGCTCTACTCACTGGTGTTCATCTTTGGTTTTGTGGGCAACATGCTGGTCATCCTCATCCTGATAAACTGCAAAAGGCTGAAGAGCATGACTGACATCTACCTGCTCAACCTGGCCATCTCTGACCTGTTTTTCCTTCTTACTGTCCCCTTCTGGGCTCACTATGCTGCCGCCCAGTGGGACTTTGGAAATACAATGTGTCAACTCTTGACAGGGCTCTATTTTATAGGCTTCTTCTCTGGAATCTTCTTCATCATCCTCCTGACAATCGATAGGTACCTGGCTGTCGTCCATGCTGTGTTTGCTTTAAAAGCCAGGACGGTCACCTTTGGGGTGGTGACAAGTGTGATCACTTGGGTGGTGGCTGTGTTTGCGTCTCTCCCAGGAATCATCTTTACCAGATCTCAAAAAGAAGGTCTTCATTACACCTGCAGCTCTCATTTTCCATACAGTCAGTATCAATTCTGGAAGAATTTCCAGACATTAAAGATAGTCATCTTGGGGCTGGTCCTGCCGCTGCTTGTCATGGTCATCTGCTACTCGGGAATCCTAAAAACTCTGCTTCGGTGTCGAAATGAGAAGAAGAGGCACAGGGCTGTGAGGCTTATCTTCACCATCATGATTGTTTATTTTCTCTTCTGGGCTCCCTACAACATTGTCCTTCTCCTGAACACCTTCCAGGAATTCTTTGGCCTGAATAATTGCAGTAGCTCTAACAGGTTGGACCAAGCTATGCAGGTGACAGAGACTCTTGGGATGACGCACTGCTGCATCAACCCCATCATCTATGCCTTTGTCGGGGAGAAGTTCAGAAACTACCTCTTAGTCTTCTTCCAAAAGCACATTGCCAAACGCTTCTGCAAATGCTGTTCTATTTTCCAGCAAGAGGCTCCCGAGCGAGCAAGCTCAGTTTACACCCGATCCACTGGGGAGCAGGAAATATCTGTGGGCTTGTGACACGGACTCAAGTGGGCTGGTGACCCAGTCAGAGTTGTGCACATGGCTTAGTTTTCATACACAGCCTGGGCTGGGGGTGGGGTGGGAGAGGTCTTTTTTAAAAGGAAGTTACTGTTATAGAGGGTCTAAGATTCATCCATTTATTTGGCATCTGTTTAAAGTAGATTAGATCTTTTAAGCCCATCAATTATAGAAAGCCAAATCAAAATATGTTGATGAAAAATAGCAACCTTTTTATCTCCCCTTCACATGCATCAAGTTATTGACAAACTCTCCCTTCACTCCGAAAGTTCCTTATGTATATTTAAAAGAAAGCCTCAGAGAATTGCTGATTCTTGAGTTTAGTGATCTGAACAGAAATACCAAAATTATTTCAGAAATGTACAACTTTTTACCTAGTACAAGGCAACATATAGGTTGTAAATGTGTTTAAAACAGGTCTTTGTCTTGCTATGGGGAGAAAAGACATGAATATGATTAGTAAAGAAATGACACTTTTCATGTGTGATTTCCCCTCCAAGGTATGGTTAATAAGTTTCACTGACTTAGAACCAGGCGAGAGACTTGTGGCCTGGGAGAGCTGGGGAAGCTTCTTAAATGAGAAGGAATTTGAGTTGGATCATCTATTGCTGGCAAAGACAGAAGCCTCACTGCAAGCACTGCATGGGCAAGCTTGGCTGTAGAAGGAGACAGAGCTGGTTGGGAAGACATGGGGAGGAAGGACAAGGCTAGATCATGAAGAACCTTGACGGCATTGCTCCGTCTAAGTCATGAGCTGAGCAGGGAGATCCTGGTTGGTGTTGCAGAAGGTTTACTCTGTGGCCAAAGGAGGGTCAGGAAGGATGAGCATTTAGGGCAAGGAGACCACCAACAGCCCTCAGGTCAGGGTGAGGATGGCCTCTGCTAAGCTCAAGGCGTGAGGATGGGAAGGAGGGAGGTATTCGTAAGGATGGGAAGGAGGGAGGTATTCGTGCAGCATATGAGGATGCAGAGTCAGCAGAACTGGGGTGGATTTGG(T/G)TTGGAAGTGAGGGTCAGAGAGGAGTCAGAGAGAATCCCTAGTCTTCAAGCAGATTGGAGAAACCCTTGAAAAGACATCAAGCACAGAAGGAGGAGGAGGAGGTTTAGGTCAAGAAGAAGATGGATTGGTGTAAAAGGATGGGTCTGGTTTGCAGAGCTTGAACACAGTCTCACCCAGACTCCAGGCTGTCTTTCACTGAATGCTTCTGACTTCATAGATTTCCTTCCCATCCCAGCTGAAATACTGAGGGGTCTCCAGGAGGAGACTAGATTTATGAATACACGAGGTATGAGGTCTAGGAACATACTTCAGCTCACACATGAGATCTAGGTGAGGATTGATTACCTAGTAGTCATTTCATGGGTTGTTGGGAGGATTCTATGAGGCAACCACAGGCAGCATTTAGCACATACTACACATTCAATAAGCATCAAACTCTTAGTTACTCATTCAGGGATAGCACTGAGCAAAGCATTGAGCAAAGGGGTCCCATAGAGGTGAGGGAAGCCTGAAAAACTAAGATGCTGCCTGCCCAGTGCACACAAGTGTAGGTATCATTTTCTGCATTTAACCGTCAATAGGCAAAGGGGGGAAGGGACATATTCATTTGGAAATAAGCTGCCTTGAGCCTTAAAACCCACAAAAGTACAATTTACCAGCCTCCGTATTTCAGACTGAATGGGGGTGGGGGGGGCGCCTTAGGTACTTATTCCAGATGCCTTCTCCAGACAAACCAGAAGCAACAGAAAAAATCGTCTCTCCCTCCCTTTGAAATGAATATACCCCTTAGTGTTTGGGTATATTCATTTCAAAGGGAGAGAGAGAGGTTTTTTTCTGTTCTTTCTCATATGATTGTGCACATACTTGAGACTGTTTTGAATTTGGGGGATGGCTAAAACCATCATAGTACAGGTAAGGTGAGGGAATAGTAAGTGGTGAGAACTACTCAGGGAATGAAGGTGTCAGAATAATAAGAGGTGCTACTGACTTTCTCAGCCTCTGAATATGAACGGTGAGCATTGTGGCTGTCAGCAGGAAGCAACGAAGGGAAATGTCTTTCCTTTTGCTCTTAAGTTGTGGAGAGTGCAACAGTAGCATAGGACCCTACCCTCTGGGCCAAGTCAAAGACATTCTGACATCTTAGTATTTGCATATTCTTATGTATGTGAAAGTTACAAATTGCTTGAAAGAAAATATGCATCTAATAAAAAACACCTTCTAAAATAA	GGTGGAACAAGATGGATTATCAAGTGTCAAGTCCAATCTATGACATCAATTATTATACATCGGAGCCCTGCCAAAAAATCAATGTGAAGCAAATCGCAGCCCGCCTCCTGCCTCCGCTCTACTCACTGGTGTTCATCTTTGGTTTTGTGGGCAACATGCTGGTCATCCTCATCCTGATAAACTGCAAAAGGCTGAAGAGCATGACTGACATCTACCTGCTCAACCTGGCCATCTCTGACCTGTTTTTCCTTCTTACTGTCCCCTTCTGGGCTCACTATGCTGCCGCCCAGTGGGACTTTGGAAATACAATGTGTCAACTCTTGACAGGGCTCTATTTTATAGGCTTCTTCTCTGGAATCTTCTTCATCATCCTCCTGACAATCGATAGGTACCTGGCTGTCGTCCATGCTGTGTTTGCTTTAAAAGCCAGGACGGTCACCTTTGGGGTGGTGACAAGTGTGATCACTTGGGTGGTGGCTGTGTTTGCGTCTCTCCCAGGAATCATCTTTACCAGATCTCAAAAAGAAGGTCTTCATTACACCTGCAGCTCTCATTTTCCATACAGTCAGTATCAATTCTGGAAGAATTTCCAGACATTAAAGATAGTCATCTTGGGGCTGGTCCTGCCGCTGCTTGTCATGGTCATCTGCTACTCGGGAATCCTAAAAACTCTGCTTCGGTGTCGAAATGAGAAGAAGAGGCACAGGGCTGTGAGGCTTATCTTCACCATCATGATTGTTTATTTTCTCTTCTGGGCTCCCTACAACATTGTCCTTCTCCTGAACACCTTCCAGGAATTCTTTGGCCTGAATAATTGCAGTAGCTCTAACAGGTTGGACCAAGCTATGCAGGTGACAGAGACTCTTGGGATGACGCACTGCTGCATCAACCCCATCATCTATGCCTTTGTCGGGGAGAAGTTCAGAAACTACCTCTTAGTCTTCTTCCAAAAGCACATTGCCAAACGCTTCTGCAAATGCTGTTCTATTTTCCAGCAAGAGGCTCCCGAGCGAGCAAGCTCAGTTTACACCCGATCCACTGGGGAGCAGGAAATATCTGTGGGCTTGTGACACGGACTCAAGTGGGCTGGTGACCCAGTCAGAGTTGTGCACATGGCTTAGTTTTCATACACAGCCTGGGCTGGGGGTGGGGTGGGAGAGGTCTTTTTTAAAAGGAAGTTACTGTTATAGAGGGTCTAAGATTCATCCATTTATTTGGCATCTGTTTAAAGTAGATTAGATCTTTTAAGCCCATCAATTATAGAAAGCCAAATCAAAATATGTTGATGAAAAATAGCAACCTTTTTATCTCCCCTTCACATGCATCAAGTTATTGACAAACTCTCCCTTCACTCCGAAAGTTCCTTATGTATATTTAAAAGAAAGCCTCAGAGAATTGCTGATTCTTGAGTTTAGTGATCTGAACAGAAATACCAAAATTATTTCAGAAATGTACAACTTTTTACCTAGTACAAGGCAACATATAGGTTGTAAATGTGTTTAAAACAGGTCTTTGTCTTGCTATGGGGAGAAAAGACATGAATATGATTAGTAAAGAAATGACACTTTTCATGTGTGATTTCCCCTCCAAGGTATGGTTAATAAGTTTCACTGACTTAGAACCAGGCGAGAGACTTGTGGCCTGGGAGAGCTGGGGAAGCTTCTTAAATGAGAAGGAATTTGAGTTGGATCATCTATTGCTGGCAAAGACAGAAGCCTCACTGCAAGCACTGCATGGGCAAGCTTGGCTGTAGAAGGAGACAGAGCTGGTTGGGAAGACATGGGGAGGAAGGACAAGGCTAGATCATGAAGAACCTTGACGGCATTGCTCCGTCTAAGTCATGAGCTGAGCAGGGAGATCCTGGTTGGTGTTGCAGAAGGTTTACTCTGTGGCCAAAGGAGGGTCAGGAAGGATGAGCATTTAGGGCAAGGAGACCACCAACAGCCCTCAGGTCAGGGTGAGGATGGCCTCTGCTAAGCTCAAGGCGTGAGGATGGGAAGGAGGGAGGTATTCGTAAGGATGGGAAGGAGGGAGGTATTCGTGCAGCATATGAGGATGCAGAGTCAGCAGAACTGGGGTGGATTTGGGTTGGAAGTGAGGGTCAGAGAGGAGTCAGAGAGAATCCCTAGTCTTCAAGCAGATTGGAGAAACCCTTGAAAAGACATCAAGCACAGAAGGAGGAGGAGGAGGTTTAGGTCAAGAAGAAGATGGATTGGTGTAAAAGGATGGGTCTGGTTTGCAGAGCTTGAACACAGTCTCACCCAGACTCCAGGCTGTCTTTCACTGAATGCTTCTGACTTCATAGATTTCCTTCCCATCCCAGCTGAAATACTGAGGGGTCTCCAGGAGGAGACTAGATTTATGAATACACGAGGTATGAGGTCTAGGAACATACTTCAGCTCACACATGAGATCTAGGTGAGGATTGATTACCTAGTAGTCATTTCATGGGTTGTTGGGAGGATTCTATGAGGCAACCACAGGCAGCATTTAGCACATACTACACATTCAATAAGCATCAAACTCTTAGTTACTCATTCAGGGATAGCACTGAGCAAAGCATTGAGCAAAGGGGTCCCATAGAGGTGAGGGAAGCCTGAAAAACTAAGATGCTGCCTGCCCAGTGCACACAAGTGTAGGTATCATTTTCTGCATTTAACCGTCAATAGGCAAAGGGGGGAAGGGACATATTCATTTGGAAATAAGCTGCCTTGAGCCTTAAAACCCACAAAAGTACAATTTACCAGCCTCCGTATTTCAGACTGAATGGGGGTGGGGGGGGCGCCTTAGGTACTTATTCCAGATGCCTTCTCCAGACAAACCAGAAGCAACAGAAAAAATCGTCTCTCCCTCCCTTTGAAATGAATATACCCCTTAGTGTTTGGGTATATTCATTTCAAAGGGAGAGAGAGAGGTTTTTTTCTGTTCTGTCTCATATGATTGTGCACATACTTGAGACTGTTTTGAATTTGGGGGATGGCTAAAACCATCATAGTACAGGTAAGGTGAGGGAATAGTAAGTGGTGAGAACTACTCAGGGAATGAAGGTGTCAGAATAATAAGAGGTGCTACTGACTTTCTCAGCCTCTGAATATGAACGGTGAGCATTGTGGCTGTCAGCAGGAAGCAACGAAGGGAAATGTCTTTCCTTTTGCTCTTAAGTTGTGGAGAGTGCAACAGTAGCATAGGACCCTACCCTCTGGGCCAAGTCAAAGACATTCTGACATCTTAGTATTTGCATATTCTTATGTATGTGAAAGTTACAAATTGCTTGAAAGAAAATATGCATCTAATAAAAAACACCTTCTAAAATAA	46417312:G/T	1	728	46416470:T/G	0.21931	
56001808050381	3	46414161	46415452	CCCCAACAGAGCCAAGCTCTCCATCTAGTGGACAGGGAAGCTAGCAGCAAACCTTCCCTTCACTACAAAACTTCATTGCTTGGCCAAAAAGAGAGTTAATTCAATGTAGACATCTATGTAGGCAATTAAAAACCTATTGATGTATAAAACAGTTTGCATTCATGGAGGGCAACTAAATACATTCTAGGACTTTATAAAAGATCACTTTTTATTTATGCACAGGGTGGAACAAGATGGATTATCAAGTGTCAAGTCCAATCTATGACATCAATTATTATACATCGGAGCCCTGCCAAAAAATCAATGTGAAGCAAATCGCAGCCCGCCTCCTGCCTCCGCTCTACTCACTGGTGTTCATCTTTGGTTTTGTGGGCAACATGCTGGTCATCCTCATCCTGATAAACTGCAAAAGGCTGAAGAGCATGACTGACATCTACCTGCTCAACCTGGCCATCTCTGACCTGTTTTTCCTTCTTACTGTCCCCTTCTGGGCTCACTATGCTGCCGCCCAGTGGGACTTTGGAAATACAATGTGTCAACTCTTGACAGGGCTCTATTTTATAGGCTTCTTCTCTGGAATCTTCTTCATCATCCTCCTGACAATCGATAGGTACCTGGCTGTCGTCCATGCTGTGTTTGCTTTAAAAGCCAGGACGGTCACCTTTGGGGTGGTGACAAGTGTGATCACTTGGGTGGTGGCTGTGTTTGCGTCTCTCCCAGGAATCATCTTTACCAGATCTCAAAAAGAAGGTCTTCATTACACCTGCAGCTCTCATTTTCCATACAGTCAGTATCAATTCTGGAAGAATTTCCAGACATTAAAGATAGTCATCTTGGGGCTGGTCCTGCCGCTGCTTGTCATGGTCATCTGCTACTCGGGAATCCTAAAAACTCTGCTTCGGTGTCGAAATGAGAAGAAGAGGCACAGGGCTGTGAGGCTTATCTTCACCATCATGATTGTTTATTTTCTCTTCTGGGCTCCCTACAACATTGTCCTTCTCCTGAACACCTTCCAGGAATTCTTTGGCCTGAATAATTGCAGTAGCTCTAACAGGTTGGACCAAGCTATGCAGGTGACAGAGACTCTTGGGATGACGCACTGCTGCATCAACCCCATCATCTATGCCTTTGTCGGGGAGAAGTTCAGAAACTACCTCTTAGTCTTCTTCCAAAAGCACATTGCCAAACGCTTCTGCAAATGCTGTTCTATTTTCCAGCAAGAGGCTCCCGAGCGAGCAAGCTCAGTTTACACCCGATCCACTGGGGAGCAGGAAATATCTGTGGGCTTGTGA	CCCCAACAGAGCCAAGCTCTCCATCTAGTGGACAGGGAAGCTAGCAGCAAACCTTCCCTTCACTACAAAACTTCATTGCTTGGCCAAAAAGAGAGTTAATTCAATGTAGACATCTATGTAGGCAATTAAAAACCTATTGATGTATAAAACAGTTTGCATTCATGGAGGGCAACTAAATACATTCTAGGACTTTATAAAAGATCACTTTTTATTTATGCACAGGGTGGAACAAGATGGATTATCAAGTGTCAAGTCCAATCTATGACATCAATTATTATACATCGGAGCCCTGCCAAAAAATCAATGTGAAGCAAATCGCAGCCCGCCTCCTGCCTCCGCTCTACTCACTGGTGTTCATCTTTGGTTTTGTGGGCAACATGCTGGTCATCCTCATCCTGATAAACTGCAAAAGGCTGAAGAGCATGACTGACATCTACCTGCTCAACCTGGCCATCTCTGACCTGTTTTTCCTTCTTACTGTCCCCTTCTGGGCTCACTATGCTGCCGCCCAGTGGGACTTTGGAAATACAATGTGTCAACTCTTGACAGGGCTCTATTTTATAGGCTTCTTCTCTGGAATCTTCTTCATCATCCTCCTGACAATCGATAGGTACCTGGCTGTCGTCCATGCTGTGTTTGCTTTAAAAGCCAGGACGGTCACCTTTGGGGTGGTGACAAGTGTGATCACTTGGGTGGTGGCTGTGTTTGCGTCTCTCCCAGGAATCATCTTTACCAGATCTCAAAAAGAAGGTCTTCATTACACCTGCAGCTCTCATTTTCCATACAGTCAGTATCAATTCTGGAAGAATTTCCAGACATTAAAGATAGTCATCTTGGGGCTGGTCCTGCCGCTGCTTGTCATGGTCATCTGCTACTCGGGAATCCTAAAAACTCTGCTTCGGTGTCGAAATGAGAAGAAGAGGCACAGGGCTGTGAGGCTTATCTTCACCATCATGATTGTTTATTTTCTCTTCTGGGCTCCCTACAACATTGTCCTTCTCCTGAACACCTTCCAGGAATTCTTTGGCCTGAATAATTGCAGTAGCTCTAACAGGTTGGACCAAGCTATGCAGGTGACAGAGACTCTTGGGATGACGCACTGCTGCATCAACCCCATCATCTATGCCTTTGTCGGGGAGAAGTTCAGAAACTACCTCTTAGTCTTCTTCCAAAAGCACATTGCCAAACGCTTCTGCAAATGCTGTTCTATTTTCCAGCAAGAGGCTCCCGAGCGAGCAAGCTCAGTTTACACCCGATCCACTGGGGAGCAGGAAATATCTGTGGGCTTGTGA	-	0	224	-	0.17337	
56001808050381	3	46411633	46411689	CTTCAGATAGATTATATCTGGAGTGAAGAATCCTGCCACCTATGTATCTGGCATAGT	CTTCAGATAGATTATATCTGGAGTGAAGAATCCTGCCACCTATGTATCTGGCATAGT	-	0	1	-	0.01754	
56001808050381	3	46412191	46412479	ATTCTGTGTAGTGGGATGAGCAGAGAACAAAAACAAAATAATCCAGTGAGAAAAGCCCGTAAATAAAC(T/C)TTCAGACCAGAGATCTATTCTCTAGCTTATTTTAAGCTCAACTTAAAA(G/A)GAAGAACTGTTCTCTGATTCTTTTCGCCTTCAATACACTTAATGATTTAACTCCACCCTCCTTCAAAAGAAACAGCATTTCCTACTTTTATACTGTCTATATGATTGATTTGCACAGCTCATCTGGCCAGAAGAGCTGAGACATCCGTTCCCCTACAAGAAACTCTCCCCG	ATTCTGTGTAGTGGGATGAGCAGAGAACAAAAACAAAATAATCCAGTGAGAAAAGCCCGTAAATAAACCTTCAGACCAGAGATCTATTCTCTAGCTTATTTTAAGCTCAACTTAAAAAGAAGAACTGTTCTCTGATTCTTTTCGCCTTCAATACACTTAATGATTTAACTCCACCCTCCTTCAAAAGAAACAGCATTTCCTACTTTTATACTGTCTATATGATTGATTTGCACAGCTCATCTGGCCAGAAGAGCTGAGACATCCGTTCCCCTACAAGAAACTCTCCCCG	-	0	13	46412259:T/C;46412308:G/A	0.03806	
56001808050381	3	46414383	46417673	GGTGGAACAAGATGGATTATCAAGTGTCAAGTCCAATCTATGACATCAATTATTATACATCGGAGCCCTGCCAAAAAATCAATGTGAAGCAAATCGCAGCCCGCCTCCTGCCTCCGCTCTACTCACTGGTGTTCATCTTTGGTTTTGTGGGCAACATGCTGGTCATCCTCATCCTGATAAACTGCAAAAGGCTGAAGAGCATGACTGACATCTACCTGCTCAACCTGGCCATCTCTGACCTGTTTTTCCTTCTTACTGTCCCCTTCTGGGCTCACTATGCTGCCGCCCAGTGGGACTTTGGAAATACAATGTGTCAACTCTTGACAGGGCTCTATTTTATAGGCTTCTTCTCTGGAATCTTCTTCATCATCCTCCTGACAATCGATAGGTACCTGGCTGTCGTCCATGCTGTGTTTGCTTTAAAAGCCAGGACGGTCACCTTTGGGGTGGTGACAAGTGTGATCACTTGGGTGGTGGCTGTGTTTGCGTCTCTCCCAGGAATCATCTTTACCAGATCTCAAAAAGAAGGTCTTCATTACACCTGCAGCTCTCATTTTCCATACAGTCAGTATCAATTCTGGAAGAATTTCCAGACATTAAAGATAGTCATCTTGGGGCTGGTCCTGCCGCTGCTTGTCATGGTCATCTGCTACTCGGGAATCCTAAAAACTCTGCTTCGGTGTCGAAATGAGAAGAAGAGGCACAGGGCTGTGAGGCTTATCTTCACCATCATGATTGTTTATTTTCTCTTCTGGGCTCCCTACAACATTGTCCTTCTCCTGAACACCTTCCAGGAATTCTTTGGCCTGAATAATTGCAGTAGCTCTAACAGGTTGGACCAAGCTATGCAGGTGACAGAGACTCTTGGGATGACGCACTGCTGCATCAACCCCATCATCTATGCCTTTGTCGGGGAGAAGTTCAGAAACTACCTCTTAGTCTTCTTCCAAAAGCACATTGCCAAACGCTTCTGCAAATGCTGTTCTATTTTCCAGCAAGAGGCTCCCGAGCGAGCAAGCTCAGTTTACACCCGATCCACTGGGGAGCAGGAAATATCTGTGGGCTTGTGACACGGACTCAAGTGGGCTGGTGACCCAGTCAGAGTTGTGCACATGGCTTAGTTTTCATACACAGCCTGGGCTGGGGGTGGGGTGGGAGAGGTCTTTTTTAAAAGGAAGTTACTGTTATAGAGGGTCTAAGATTCATCCATTTATTTGGCATCTGTTTAAAGTAGATTAGATCTTTTAAGCCCATCAATTATAGAAAGCCAAATCAAAATATGTTGATGAAAAATAGCAACCTTTTTATCTCCCCTTCACATGCATCAAGTTATTGACAAACTCTCCCTTCACTCCGAAAGTTCCTTATGTATATTTAAAAGAAAGCCTCAGAGAATTGCTGATTCTTGAGTTTAGTGATCTGAACAGAAATACCAAAATTATTTCAGAAATGTACAACTTTTTACCTAGTACAAGGCAACATATAGGTTGTAAATGTGTTTAAAACAGGTCTTTGTCTTGCTATGGGGAGAAAAGACATGAATATGATTAGTAAAGAAATGACACTTTTCATGTGTGATTTCCCCTCCAAGGTATGGTTAATAAGTTTCACTGACTTAGAACCAGGCGAGAGACTTGTGGCCTGGGAGAGCTGGGGAAGCTTCTTAAATGAGAAGGAATTTGAGTTGGATCATCTATTGCTGGCAAAGACAGAAGCCTCACTGCAAGCACTGCATGGGCAAGCTTGGCTGTAGAAGGAGACAGAGCTGGTTGGGAAGACATGGGGAGGAAGGACAAGGCTAGATCATGAAGAACCTTGACGGCATTGCTCCGTCTAAGTCATGAGCTGAGCAGGGAGATCCTGGTTGGTGTTGCAGAAGGTTTACTCTGTGGCCAAAGGAGGGTCAGGAAGGATGAGCATTTAGGGCAAGGAGACCACCAACAGCCCTCAGGTCAGGGTGAGGATGGCCTCTGCTAAGCTCAAGGCGTGAGGATGGGAAGGAGGGAGGTATTCGTAAGGATGGGAAGGAGGGAGGTATTCGTGCAGCATATGAGGATGCAGAGTCAGCAGAACTGGGGTGGATTTGG(T/G)TTGGAAGTGAGGGTCAGAGAGGAGTCAGAGAGAATCCCTAGTCTTCAAGCAGATTGGAGAAACCCTTGAAAAGACATCAAGCACAGAAGGAGGAGGAGGAGGTTTAGGTCAAGAAGAAGATGGATTGGTGTAAAAGGATGGGTCTGGTTTGCAGAGCTTGAACACAGTCTCACCCAGACTCCAGGCTGTCTTTCACTGAATGCTTCTGACTTCATAGATTTCCTTCCCATCCCAGCTGAAATACTGAGGGGTCTCCAGGAGGAGACTAGATTTATGAATACACGAGGTATGAGGTCTAGGAACATACTTCAGCTCACACATGAGATCTAGGTGAGGATTGATTACCTAGTAGTCATTTCATGGGTTGTTGGGAGGATTCTATGAGGCAACCACAGGCAGCATTTAGCACATACTACACATTCAATAAGCATCAAACTCTTAGTTACTCATTCAGGGATAGCACTGAGCAAAGCATTGAGCAAAGGGGTCCCATAGAGGTGAGGGAAGCCTGAAAAACTAAGATGCTGCCTGCCCAGTGCACACAAGTGTAGGTATCATTTTCTGCATTTAACCGTCAATAGGCAAAGGGGGGAAGGGACATATTCATTTGGAAATAAGCTGCCTTGAGCCTTAAAACCCACAAAAGTACAATTTACCAGCCTCCGTATTTCAGACTGAATGGGGGTGGGGGGGGCGCCTTAGGTACTTATTCCAGATGCCTTCTCCAGACAAACCAGAAGCAACAGAAAAAATCGTCTCTCCCTCCCTTTGAAATGAATATACCCCTTAGTGTTTGGGTATATTCATTTCAAAGGGAGAGAGAGAGGTTTTTTTCTGTTCTTTCTCATATGATTGTGCACATACTTGAGACTGTTTTGAATTTGGGGGATGGCTAAAACCATCATAGTACAGGTAAGGTGAGGGAATAGTAAGTGGTGAGAACTACTCAGGGAATGAAGGTGTCAGAATAATAAGAGGTGCTACTGACTTTCTCAGCCTCTGAATATGAACGGTGAGCATTGTGGCTGTCAGCAGGAAGCAACGAAGGGAAATGTCTTTCCTTTTGCTCTTAAGTTGTGGAGAGTGCAACAGTAGCATAGGACCCTACCCTCTGGGCCAAGTCAAAGACATTCTGACATCTTAGTATTTGCATATTCTTATGTATGTGAAAGTTACAAATTGCTTGAAAGAAAATATGCATCT	GGTGGAACAAGATGGATTATCAAGTGTCAAGTCCAATCTATGACATCAATTATTATACATCGGAGCCCTGCCAAAAAATCAATGTGAAGCAAATCGCAGCCCGCCTCCTGCCTCCGCTCTACTCACTGGTGTTCATCTTTGGTTTTGTGGGCAACATGCTGGTCATCCTCATCCTGATAAACTGCAAAAGGCTGAAGAGCATGACTGACATCTACCTGCTCAACCTGGCCATCTCTGACCTGTTTTTCCTTCTTACTGTCCCCTTCTGGGCTCACTATGCTGCCGCCCAGTGGGACTTTGGAAATACAATGTGTCAACTCTTGACAGGGCTCTATTTTATAGGCTTCTTCTCTGGAATCTTCTTCATCATCCTCCTGACAATCGATAGGTACCTGGCTGTCGTCCATGCTGTGTTTGCTTTAAAAGCCAGGACGGTCACCTTTGGGGTGGTGACAAGTGTGATCACTTGGGTGGTGGCTGTGTTTGCGTCTCTCCCAGGAATCATCTTTACCAGATCTCAAAAAGAAGGTCTTCATTACACCTGCAGCTCTCATTTTCCATACAGTCAGTATCAATTCTGGAAGAATTTCCAGACATTAAAGATAGTCATCTTGGGGCTGGTCCTGCCGCTGCTTGTCATGGTCATCTGCTACTCGGGAATCCTAAAAACTCTGCTTCGGTGTCGAAATGAGAAGAAGAGGCACAGGGCTGTGAGGCTTATCTTCACCATCATGATTGTTTATTTTCTCTTCTGGGCTCCCTACAACATTGTCCTTCTCCTGAACACCTTCCAGGAATTCTTTGGCCTGAATAATTGCAGTAGCTCTAACAGGTTGGACCAAGCTATGCAGGTGACAGAGACTCTTGGGATGACGCACTGCTGCATCAACCCCATCATCTATGCCTTTGTCGGGGAGAAGTTCAGAAACTACCTCTTAGTCTTCTTCCAAAAGCACATTGCCAAACGCTTCTGCAAATGCTGTTCTATTTTCCAGCAAGAGGCTCCCGAGCGAGCAAGCTCAGTTTACACCCGATCCACTGGGGAGCAGGAAATATCTGTGGGCTTGTGACACGGACTCAAGTGGGCTGGTGACCCAGTCAGAGTTGTGCACATGGCTTAGTTTTCATACACAGCCTGGGCTGGGGGTGGGGTGGGAGAGGTCTTTTTTAAAAGGAAGTTACTGTTATAGAGGGTCTAAGATTCATCCATTTATTTGGCATCTGTTTAAAGTAGATTAGATCTTTTAAGCCCATCAATTATAGAAAGCCAAATCAAAATATGTTGATGAAAAATAGCAACCTTTTTATCTCCCCTTCACATGCATCAAGTTATTGACAAACTCTCCCTTCACTCCGAAAGTTCCTTATGTATATTTAAAAGAAAGCCTCAGAGAATTGCTGATTCTTGAGTTTAGTGATCTGAACAGAAATACCAAAATTATTTCAGAAATGTACAACTTTTTACCTAGTACAAGGCAACATATAGGTTGTAAATGTGTTTAAAACAGGTCTTTGTCTTGCTATGGGGAGAAAAGACATGAATATGATTAGTAAAGAAATGACACTTTTCATGTGTGATTTCCCCTCCAAGGTATGGTTAATAAGTTTCACTGACTTAGAACCAGGCGAGAGACTTGTGGCCTGGGAGAGCTGGGGAAGCTTCTTAAATGAGAAGGAATTTGAGTTGGATCATCTATTGCTGGCAAAGACAGAAGCCTCACTGCAAGCACTGCATGGGCAAGCTTGGCTGTAGAAGGAGACAGAGCTGGTTGGGAAGACATGGGGAGGAAGGACAAGGCTAGATCATGAAGAACCTTGACGGCATTGCTCCGTCTAAGTCATGAGCTGAGCAGGGAGATCCTGGTTGGTGTTGCAGAAGGTTTACTCTGTGGCCAAAGGAGGGTCAGGAAGGATGAGCATTTAGGGCAAGGAGACCACCAACAGCCCTCAGGTCAGGGTGAGGATGGCCTCTGCTAAGCTCAAGGCGTGAGGATGGGAAGGAGGGAGGTATTCGTAAGGATGGGAAGGAGGGAGGTATTCGTGCAGCATATGAGGATGCAGAGTCAGCAGAACTGGGGTGGATTTGGGTTGGAAGTGAGGGTCAGAGAGGAGTCAGAGAGAATCCCTAGTCTTCAAGCAGATTGGAGAAACCCTTGAAAAGACATCAAGCACAGAAGGAGGAGGAGGAGGTTTAGGTCAAGAAGAAGATGGATTGGTGTAAAAGGATGGGTCTGGTTTGCAGAGCTTGAACACAGTCTCACCCAGACTCCAGGCTGTCTTTCACTGAATGCTTCTGACTTCATAGATTTCCTTCCCATCCCAGCTGAAATACTGAGGGGTCTCCAGGAGGAGACTAGATTTATGAATACACGAGGTATGAGGTCTAGGAACATACTTCAGCTCACACATGAGATCTAGGTGAGGATTGATTACCTAGTAGTCATTTCATGGGTTGTTGGGAGGATTCTATGAGGCAACCACAGGCAGCATTTAGCACATACTACACATTCAATAAGCATCAAACTCTTAGTTACTCATTCAGGGATAGCACTGAGCAAAGCATTGAGCAAAGGGGTCCCATAGAGGTGAGGGAAGCCTGAAAAACTAAGATGCTGCCTGCCCAGTGCACACAAGTGTAGGTATCATTTTCTGCATTTAACCGTCAATAGGCAAAGGGGGGAAGGGACATATTCATTTGGAAATAAGCTGCCTTGAGCCTTAAAACCCACAAAAGTACAATTTACCAGCCTCCGTATTTCAGACTGAATGGGGGTGGGGGGGGCGCCTTAGGTACTTATTCCAGATGCCTTCTCCAGACAAACCAGAAGCAACAGAAAAAATCGTCTCTCCCTCCCTTTGAAATGAATATACCCCTTAGTGTTTGGGTATATTCATTTCAAAGGGAGAGAGAGAGGTTTTTTTCTGTTCTGTCTCATATGATTGTGCACATACTTGAGACTGTTTTGAATTTGGGGGATGGCTAAAACCATCATAGTACAGGTAAGGTGAGGGAATAGTAAGTGGTGAGAACTACTCAGGGAATGAAGGTGTCAGAATAATAAGAGGTGCTACTGACTTTCTCAGCCTCTGAATATGAACGGTGAGCATTGTGGCTGTCAGCAGGAAGCAACGAAGGGAAATGTCTTTCCTTTTGCTCTTAAGTTGTGGAGAGTGCAACAGTAGCATAGGACCCTACCCTCTGGGCCAAGTCAAAGACATTCTGACATCTTAGTATTTGCATATTCTTATGTATGTGAAAGTTACAAATTGCTTGAAAGAAAATATGCATCT	46417312:G/T	1	728	46416470:T/G	0.22091	
TSAB2165	3	46412345	46412479	ACTTAATGATTTAACTCCACCCTCCTTCAAAAGAAACAGCATTTCCTACTTTTATACTGTCTATATGATTGATTTGCACAGCTCATCTGGCCAGAAGAGCTGAGACATCCGTTCCCCTACAAGAAACTCTCCCCG	ACTTAATGATTTAACTCCACCCTCCTTCAAAAGAAACAGCATTTCCTACTTTTATACTGTCTATATGATTGATTTGCACAGCTCATCTGGCCAGAAGAGCTGAGACATCCGTTCCCCTACAAGAAACTCTCCCCG	-	0	6	-	0.04444	
TSAB2165	3	46414383	46417697	GGTGGAACAAGATGGATTATCAAGTGTCAAGTCCAATCTATGACATCAATTATTATACATCGGAGCCCTGCCAAAAAATCAATGTGAAGCAAATCGCAGCCCGCCTCCTGCCTCCGCTCTACTCACTGGTGTTCATCTTTGGTTTTGTGGGCAACATGCTGGTCATCCTCATCCTGATAAACTGCAAAAGGCTGAAGAGCATGACTGACATCTACCTGCTCAACCTGGCCATCTCTGACCTGTTTTTCCTTCTTACTGTCCCCTTCTGGGCTCACTATGCTGCCGCCCAGTGGGACTTTGGAAATACAATGTGTCAACTCTTGACAGGGCTCTATTTTATAGGCTTCTTCTCTGGAATCTTCTTCATCATCCTCCTGACAATCGATAGGTACCTGGCTGTCGTCCATGCTGTGTTTGCTTTAAAAGCCAGGACGGTCACCTTTGGGGTGGTGACAAGTGTGATCACTTGGGTGGTGGCTGTGTTTGCGTCTCTCCCAGGAATCATCTTTACCAGATCTCAAAAAGAAGGTCTTCATTACACCTGCAGCTCTCATTTTCCATACAGTCAGTATCAATTCTGGAAGAATTTCCAGACATTAAAGATAGTCATCTTGGGGCTGGTCCTGCCGCTGCTTGTCATGGTCATCTGCTACTCGGGAATCCTAAAAACTCTGCTTCGGTGTCGAAATGAGAAGAAGAGGCACAGGGCTGTGAGGCTTATCTTCACCATCATGATTGTTTATTTTCTCTTCTGGGCTCCCTACAACATTGTCCTTCTCCTGAACACCTTCCAGGAATTCTTTGGCCTGAATAATTGCAGTAGCTCTAACAGGTTGGACCAAGCTATGCAGGTGACAGAGACTCTTGGGATGACGCACTGCTGCATCAACCCCATCATCTATGCCTTTGTCGGGGAGAAGTTCAGAAACTACCTCTTAGTCTTCTTCCAAAAGCACATTGCCAAACGCTTCTGCAAATGCTGTTCTATTTTCCAGCAAGAGGCTCCCGAGCGAGCAAGCTCAGTTTACACCCGATCCACTGGGGAGCAGGAAATATCTGTGGGCTTGTGACACGGACTCAAGTGGGCTGGTGACCCAGTCAGAGTTGTGCACATGGCTTAGTTTTCATACACAGCCTGGGCTGGGGGTGGGGTGGGAGAGGTCTTTTTTAAAAGGAAGTTACTGTTATAGAGGGTCTAAGATTCATCCATTTATTTGGCATCTGTTTAAAGTAGATTAGATCTTTTAAGCCCATCAATTATAGAAAGCCAAATCAAAATATGTTGATGAAAAATAGCAACCTTTTTATCTCCCCTTCACATGCATCAAGTTATTGACAAACTCTCCCTTCACTCCGAAAGTTCCTTATGTATATTTAAAAGAAAGCCTCAGAGAATTGCTGATTCTTGAGTTTAGTGATCTGAACAGAAATACCAAAATTATTTCAGAAATGTACAACTTTTTACCTAGTACAAGGCAACATATAGGTTGTAAATGTGTTTAAAACAGGTCTTTGTCTTGCTATGGGGAGAAAAGACATGAATATGATTAGTAAAGAAATGACACTTTTCATGTGTGATTTCCCCTCCAAGGTATGGTTAATAAGTTTCACTGACTTAGAACCAGGCGAGAGACTTGTGGCCTGGGAGAGCTGGGGAAGCTTCTTAAATGAGAAGGAATTTGAGTTGGATCATCTATTGCTGGCAAAGACAGAAGCCTCACTGCAAGCACTGCATGGGCAAGCTTGGCTGTAGAAGGAGACAGAGCTGGTTGGGAAGACATGGGGAGGAAGGACAAGGCTAGATCATGAAGAACCTTGACGGCATTGCTCCGTCTAAGTCATGAGCTGAGCAGGGAGATCCTGGTTGGTGTTGCAGAAGGTTTACTCTGTGGCCAAAGGAGGGTCAGGAAGGATGAGCATTTAGGGCAAGGAGACCACCAACAGCCCTCAGGTCAGGGTGAGGATGGCCTCTGCTAAGCTCAAGGCGTGAGGATGGGAAGGAGGGAGGTATTCGTAAGGATGGGAAGGAGGGAGGTATTCGTGCAGCATATGAGGATGCAGAGTCAGCAGAACTGGGGTGGATTTGG(T/G)TTGGAAGTGAGGGTCAGAGAGGAGTCAGAGAGAATCCCTAGTCTTCAAGCAGATTGGAGAAACCCTTGAAAAGACATCAAGCACAGAAGGAGGAGGAGGAGGTTTAGGTCAAGAAGAAGATGGATTGGTGTAAAAGGATGGGTCTGGTTTGCAGAGCTTGAACACAGTCTCACCCAGACTCCAGGCTGTCTTTCACTGAATGCTTCTGACTTCATAGATTTCCTTCCCATCCCAGCTGAAATACTGAGGGGTCTCCAGGAGGAGACTAGATTTATGAATACACGAGGTATGAGGTCTAGGAACATACTTCAGCTCACACATGAGATCTAGGTGAGGATTGATTACCTAGTAGTCATTTCATGGGTTGTTGGGAGGATTCTATGAGGCAACCACAGGCAGCATTTAGCACATACTACACATTCAATAAGCATCAAACTCTTAGTTACTCATTCAGGGATAGCACTGAGCAAAGCATTGAGCAAAGGGGTCCCATAGAGGTGAGGGAAGCCTGAAAAACTAAGATGCTGCCTGCCCAGTGCACACAAGTGTAGGTATCATTTTCTGCATTTAACCGTCAATAGGCAAAGGGGGGAAGGGACATATTCATTTGGAAATAAGCTGCCTTGAGCCTTAAAACCCACAAAAGTACAATTTACCAGCCTCCGTATTTCAGACTGAATGGGGGTGGGGGGGGCGCCTTA(G/C)GTACTTATTCCAGATGCCTTCTCCAGACAAACCAGAAGCAACAGAAAAAATCGTCTCTCCCTCCCTTTGAAATGAATATACCCCTTAGTGTTTGGGTATATTCATTTCAAAGGGAGAGAGAGAGGTTTTTTTCTGTTCT(T/G)TCTCATATGATTGTGCACATACTTGAGACTGTTTTGAATTTGGGGGATGGCTAAAACCATCATAGTACAGGTAAGGTGAGGGAATAGTAAGTGGTGAGAACTACTCAGGGAATGAAGGTGTCAGAATAATAAGAGGTGCTACTGACTTTCTCAGCCTCTGAATATGAACGGTGAGCATTGTGGCTGTCAGCAGGAAGCAACGAAGGGAAATGTCTTTCCTTTTGCTCTTAAGTTGTGGAGAGTGCAACAGTAGCATAGGACCCTACCCTCTGGGCCAAGTCAAAGACATTCTGACATCTTAGTATTTGCATATTCTTATGTATGTGAAAGTTACAAATTGCTTGAAAGAAAATATGCATCTAATAAAAAACACCTTCTAAAATAA	GGTGGAACAAGATGGATTATCAAGTGTCAAGTCCAATCTATGACATCAATTATTATACATCGGAGCCCTGCCAAAAAATCAATGTGAAGCAAATCGCAGCCCGCCTCCTGCCTCCGCTCTACTCACTGGTGTTCATCTTTGGTTTTGTGGGCAACATGCTGGTCATCCTCATCCTGATAAACTGCAAAAGGCTGAAGAGCATGACTGACATCTACCTGCTCAACCTGGCCATCTCTGACCTGTTTTTCCTTCTTACTGTCCCCTTCTGGGCTCACTATGCTGCCGCCCAGTGGGACTTTGGAAATACAATGTGTCAACTCTTGACAGGGCTCTATTTTATAGGCTTCTTCTCTGGAATCTTCTTCATCATCCTCCTGACAATCGATAGGTACCTGGCTGTCGTCCATGCTGTGTTTGCTTTAAAAGCCAGGACGGTCACCTTTGGGGTGGTGACAAGTGTGATCACTTGGGTGGTGGCTGTGTTTGCGTCTCTCCCAGGAATCATCTTTACCAGATCTCAAAAAGAAGGTCTTCATTACACCTGCAGCTCTCATTTTCCATACAGTCAGTATCAATTCTGGAAGAATTTCCAGACATTAAAGATAGTCATCTTGGGGCTGGTCCTGCCGCTGCTTGTCATGGTCATCTGCTACTCGGGAATCCTAAAAACTCTGCTTCGGTGTCGAAATGAGAAGAAGAGGCACAGGGCTGTGAGGCTTATCTTCACCATCATGATTGTTTATTTTCTCTTCTGGGCTCCCTACAACATTGTCCTTCTCCTGAACACCTTCCAGGAATTCTTTGGCCTGAATAATTGCAGTAGCTCTAACAGGTTGGACCAAGCTATGCAGGTGACAGAGACTCTTGGGATGACGCACTGCTGCATCAACCCCATCATCTATGCCTTTGTCGGGGAGAAGTTCAGAAACTACCTCTTAGTCTTCTTCCAAAAGCACATTGCCAAACGCTTCTGCAAATGCTGTTCTATTTTCCAGCAAGAGGCTCCCGAGCGAGCAAGCTCAGTTTACACCCGATCCACTGGGGAGCAGGAAATATCTGTGGGCTTGTGACACGGACTCAAGTGGGCTGGTGACCCAGTCAGAGTTGTGCACATGGCTTAGTTTTCATACACAGCCTGGGCTGGGGGTGGGGTGGGAGAGGTCTTTTTTAAAAGGAAGTTACTGTTATAGAGGGTCTAAGATTCATCCATTTATTTGGCATCTGTTTAAAGTAGATTAGATCTTTTAAGCCCATCAATTATAGAAAGCCAAATCAAAATATGTTGATGAAAAATAGCAACCTTTTTATCTCCCCTTCACATGCATCAAGTTATTGACAAACTCTCCCTTCACTCCGAAAGTTCCTTATGTATATTTAAAAGAAAGCCTCAGAGAATTGCTGATTCTTGAGTTTAGTGATCTGAACAGAAATACCAAAATTATTTCAGAAATGTACAACTTTTTACCTAGTACAAGGCAACATATAGGTTGTAAATGTGTTTAAAACAGGTCTTTGTCTTGCTATGGGGAGAAAAGACATGAATATGATTAGTAAAGAAATGACACTTTTCATGTGTGATTTCCCCTCCAAGGTATGGTTAATAAGTTTCACTGACTTAGAACCAGGCGAGAGACTTGTGGCCTGGGAGAGCTGGGGAAGCTTCTTAAATGAGAAGGAATTTGAGTTGGATCATCTATTGCTGGCAAAGACAGAAGCCTCACTGCAAGCACTGCATGGGCAAGCTTGGCTGTAGAAGGAGACAGAGCTGGTTGGGAAGACATGGGGAGGAAGGACAAGGCTAGATCATGAAGAACCTTGACGGCATTGCTCCGTCTAAGTCATGAGCTGAGCAGGGAGATCCTGGTTGGTGTTGCAGAAGGTTTACTCTGTGGCCAAAGGAGGGTCAGGAAGGATGAGCATTTAGGGCAAGGAGACCACCAACAGCCCTCAGGTCAGGGTGAGGATGGCCTCTGCTAAGCTCAAGGCGTGAGGATGGGAAGGAGGGAGGTATTCGTAAGGATGGGAAGGAGGGAGGTATTCGTGCAGCATATGAGGATGCAGAGTCAGCAGAACTGGGGTGGATTTGGGTTGGAAGTGAGGGTCAGAGAGGAGTCAGAGAGAATCCCTAGTCTTCAAGCAGATTGGAGAAACCCTTGAAAAGACATCAAGCACAGAAGGAGGAGGAGGAGGTTTAGGTCAAGAAGAAGATGGATTGGTGTAAAAGGATGGGTCTGGTTTGCAGAGCTTGAACACAGTCTCACCCAGACTCCAGGCTGTCTTTCACTGAATGCTTCTGACTTCATAGATTTCCTTCCCATCCCAGCTGAAATACTGAGGGGTCTCCAGGAGGAGACTAGATTTATGAATACACGAGGTATGAGGTCTAGGAACATACTTCAGCTCACACATGAGATCTAGGTGAGGATTGATTACCTAGTAGTCATTTCATGGGTTGTTGGGAGGATTCTATGAGGCAACCACAGGCAGCATTTAGCACATACTACACATTCAATAAGCATCAAACTCTTAGTTACTCATTCAGGGATAGCACTGAGCAAAGCATTGAGCAAAGGGGTCCCATAGAGGTGAGGGAAGCCTGAAAAACTAAGATGCTGCCTGCCCAGTGCACACAAGTGTAGGTATCATTTTCTGCATTTAACCGTCAATAGGCAAAGGGGGGAAGGGACATATTCATTTGGAAATAAGCTGCCTTGAGCCTTAAAACCCACAAAAGTACAATTTACCAGCCTCCGTATTTCAGACTGAATGGGGGTGGGGGGGGCGCCTTAGGTACTTATTCCAGATGCCTTCTCCAGACAAACCAGAAGCAACAGAAAAAATCGTCTCTCCCTCCCTTTGAAATGAATATACCCCTTAGTGTTTGGGTATATTCATTTCAAAGGGAGAGAGAGAGGTTTTTTTCTGTTCTGTCTCATATGATTGTGCACATACTTGAGACTGTTTTGAATTTGGGGGATGGCTAAAACCATCATAGTACAGGTAAGGTGAGGGAATAGTAAGTGGTGAGAACTACTCAGGGAATGAAGGTGTCAGAATAATAAGAGGTGCTACTGACTTTCTCAGCCTCTGAATATGAACGGTGAGCATTGTGGCTGTCAGCAGGAAGCAACGAAGGGAAATGTCTTTCCTTTTGCTCTTAAGTTGTGGAGAGTGCAACAGTAGCATAGGACCCTACCCTCTGGGCCAAGTCAAAGACATTCTGACATCTTAGTATTTGCATATTCTTATGTATGTGAAAGTTACAAATTGCTTGAAAGAAAATATGCATCTAATAAAAAACACCTTCTAAAATAA	-	0	637	46416470:T/G;46417172:G/C;46417312:T/G	0.19125	
TSAB2165	3	46414161	46415452	CCCCAACAGAGCCAAGCTCTCCATCTAGTGGACAGGGAAGCTAGCAGCAAACCTTCCCTTCACTACAAAACTTCATTGCTTGGCCAAAAAGAGAGTTAATTCAATGTAGACATCTATGTAGGCAATTAAAAACCTATTGATGTATAAAACAGTTTGCATTCATGGAGGGCAACTAAATACATTCTAGGACTTTATAAAAGATCACTTTTTATTTATGCACAGGGTGGAACAAGATGGATTATCAAGTGTCAAGTCCAATCTATGACATCAATTATTATACATCGGAGCCCTGCCAAAAAATCAATGTGAAGCAAATCGCAGCCCGCCTCCTGCCTCCGCTCTACTCACTGGTGTTCATCTTTGGTTTTGTGGGCAACATGCTGGTCATCCTCATCCTGATAAACTGCAAAAGGCTGAAGAGCATGACTGACATCTACCTGCTCAACCTGGCCATCTCTGACCTGTTTTTCCTTCTTACTGTCCCCTTCTGGGCTCACTATGCTGCCGCCCAGTGGGACTTTGGAAATACAATGTGTCAACTCTTGACAGGGCTCTATTTTATAGGCTTCTTCTCTGGAATCTTCTTCATCATCCTCCTGACAATCGATAGGTACCTGGCTGTCGTCCATGCTGTGTTTGCTTTAAAAGCCAGGACGGTCACCTTTGGGGTGGTGACAAGTGTGATCACTTGGGTGGTGGCTGTGTTTGCGTCTCTCCCAGGAATCATCTTTACCAGATCTCAAAAAGAAGGTCTTCATTACACCTGCAGCTCTCATTTTCCATACAGTCAGTATCAATTCTGGAAGAATTTCCAGACATTAAAGATAGTCATCTTGGGGCTGGTCCTGCCGCTGCTTGTCATGGTCATCTGCTACTCGGGAATCCTAAAAACTCTGCTTCGGTGTCGAAATGAGAAGAAGAGGCACAGGGCTGTGAGGCTTATCTTCACCATCATGATTGTTTATTTTCTCTTCTGGGCTCCCTACAACATTGTCCTTCTCCTGAACACCTTCCAGGAATTCTTTGGCCTGAATAATTGCAGTAGCTCTAACAGGTTGGACCAAGCTATGCAGGTGACAGAGACTCTTGGGATGACGCACTGCTGCATCAACCCCATCATCTATGCCTTTGTCGGGGAGAAGTTCAGAAACTACCTCTTAGTCTTCTTCCAAAAGCACATTGCCAAACGCTTCTGCAAATGCTGTTCTATTTTCCAGCAAGAGGCTCCCGAGCGAGCAAGCTCAGTTTACACCCGATCCACTGGGGAGCAGGAAATATCTGTGGGCTTGTGA	CCCCAACAGAGCCAAGCTCTCCATCTAGTGGACAGGGAAGCTAGCAGCAAACCTTCCCTTCACTACAAAACTTCATTGCTTGGCCAAAAAGAGAGTTAATTCAATGTAGACATCTATGTAGGCAATTAAAAACCTATTGATGTATAAAACAGTTTGCATTCATGGAGGGCAACTAAATACATTCTAGGACTTTATAAAAGATCACTTTTTATTTATGCACAGGGTGGAACAAGATGGATTATCAAGTGTCAAGTCCAATCTATGACATCAATTATTATACATCGGAGCCCTGCCAAAAAATCAATGTGAAGCAAATCGCAGCCCGCCTCCTGCCTCCGCTCTACTCACTGGTGTTCATCTTTGGTTTTGTGGGCAACATGCTGGTCATCCTCATCCTGATAAACTGCAAAAGGCTGAAGAGCATGACTGACATCTACCTGCTCAACCTGGCCATCTCTGACCTGTTTTTCCTTCTTACTGTCCCCTTCTGGGCTCACTATGCTGCCGCCCAGTGGGACTTTGGAAATACAATGTGTCAACTCTTGACAGGGCTCTATTTTATAGGCTTCTTCTCTGGAATCTTCTTCATCATCCTCCTGACAATCGATAGGTACCTGGCTGTCGTCCATGCTGTGTTTGCTTTAAAAGCCAGGACGGTCACCTTTGGGGTGGTGACAAGTGTGATCACTTGGGTGGTGGCTGTGTTTGCGTCTCTCCCAGGAATCATCTTTACCAGATCTCAAAAAGAAGGTCTTCATTACACCTGCAGCTCTCATTTTCCATACAGTCAGTATCAATTCTGGAAGAATTTCCAGACATTAAAGATAGTCATCTTGGGGCTGGTCCTGCCGCTGCTTGTCATGGTCATCTGCTACTCGGGAATCCTAAAAACTCTGCTTCGGTGTCGAAATGAGAAGAAGAGGCACAGGGCTGTGAGGCTTATCTTCACCATCATGATTGTTTATTTTCTCTTCTGGGCTCCCTACAACATTGTCCTTCTCCTGAACACCTTCCAGGAATTCTTTGGCCTGAATAATTGCAGTAGCTCTAACAGGTTGGACCAAGCTATGCAGGTGACAGAGACTCTTGGGATGACGCACTGCTGCATCAACCCCATCATCTATGCCTTTGTCGGGGAGAAGTTCAGAAACTACCTCTTAGTCTTCTTCCAAAAGCACATTGCCAAACGCTTCTGCAAATGCTGTTCTATTTTCCAGCAAGAGGCTCCCGAGCGAGCAAGCTCAGTTTACACCCGATCCACTGGGGAGCAGGAAATATCTGTGGGCTTGTGA	-	0	52	-	0.04025	
TSAB2165	3	46411633	46411689	CTTCAGATAGATTATATCTGGAGTGAAGAATCCTGCCACCTATGTATCTGGCATAGT	CTTCAGATAGATTATATCTGGAGTGAAGAATCCTGCCACCTATGTATCTGGCATAGT	-	0	6	-	0.10526	
TSAB2165	3	46412191	46412479	ATTCTGTGTAGTGGGATGAGCAGAGAACAAAAACAAAATAATCCAGTGAGAAAAGCCCGTAAATAAAC(T/C)TTCAGACCAGAGATCTATTCTCTAGCTTATTTTAAGCTCAACTTAAAA(G/A)GAAGAACTGTTCTCTGATTCTTTTCGCCTTCAATACACTTAATGATTTAACTCCACCCTCCTTCAAAAGAAACAGCATTTCCTACTTTTATACTGTCTATATGATTGATTTGCACAGCTCATCTGGCCAGAAGAGCTGAGACATCCGTTCCCCTACAAGAAACTCTCCCCG	ATTCTGTGTAGTGGGATGAGCAGAGAACAAAAACAAAATAATCCAGTGAGAAAAGCCCGTAAATAAACCTTCAGACCAGAGATCTATTCTCTAGCTTATTTTAAGCTCAACTTAAAAAGAAGAACTGTTCTCTGATTCTTTTCGCCTTCAATACACTTAATGATTTAACTCCACCCTCCTTCAAAAGAAACAGCATTTCCTACTTTTATACTGTCTATATGATTGATTTGCACAGCTCATCTGGCCAGAAGAGCTGAGACATCCGTTCCCCTACAAGAAACTCTCCCCG	-	0	9	46412259:T/C;46412308:G/A	0.02422	
TSAB2165	3	46414383	46417673	GGTGGAACAAGATGGATTATCAAGTGTCAAGTCCAATCTATGACATCAATTATTATACATCGGAGCCCTGCCAAAAAATCAATGTGAAGCAAATCGCAGCCCGCCTCCTGCCTCCGCTCTACTCACTGGTGTTCATCTTTGGTTTTGTGGGCAACATGCTGGTCATCCTCATCCTGATAAACTGCAAAAGGCTGAAGAGCATGACTGACATCTACCTGCTCAACCTGGCCATCTCTGACCTGTTTTTCCTTCTTACTGTCCCCTTCTGGGCTCACTATGCTGCCGCCCAGTGGGACTTTGGAAATACAATGTGTCAACTCTTGACAGGGCTCTATTTTATAGGCTTCTTCTCTGGAATCTTCTTCATCATCCTCCTGACAATCGATAGGTACCTGGCTGTCGTCCATGCTGTGTTTGCTTTAAAAGCCAGGACGGTCACCTTTGGGGTGGTGACAAGTGTGATCACTTGGGTGGTGGCTGTGTTTGCGTCTCTCCCAGGAATCATCTTTACCAGATCTCAAAAAGAAGGTCTTCATTACACCTGCAGCTCTCATTTTCCATACAGTCAGTATCAATTCTGGAAGAATTTCCAGACATTAAAGATAGTCATCTTGGGGCTGGTCCTGCCGCTGCTTGTCATGGTCATCTGCTACTCGGGAATCCTAAAAACTCTGCTTCGGTGTCGAAATGAGAAGAAGAGGCACAGGGCTGTGAGGCTTATCTTCACCATCATGATTGTTTATTTTCTCTTCTGGGCTCCCTACAACATTGTCCTTCTCCTGAACACCTTCCAGGAATTCTTTGGCCTGAATAATTGCAGTAGCTCTAACAGGTTGGACCAAGCTATGCAGGTGACAGAGACTCTTGGGATGACGCACTGCTGCATCAACCCCATCATCTATGCCTTTGTCGGGGAGAAGTTCAGAAACTACCTCTTAGTCTTCTTCCAAAAGCACATTGCCAAACGCTTCTGCAAATGCTGTTCTATTTTCCAGCAAGAGGCTCCCGAGCGAGCAAGCTCAGTTTACACCCGATCCACTGGGGAGCAGGAAATATCTGTGGGCTTGTGACACGGACTCAAGTGGGCTGGTGACCCAGTCAGAGTTGTGCACATGGCTTAGTTTTCATACACAGCCTGGGCTGGGGGTGGGGTGGGAGAGGTCTTTTTTAAAAGGAAGTTACTGTTATAGAGGGTCTAAGATTCATCCATTTATTTGGCATCTGTTTAAAGTAGATTAGATCTTTTAAGCCCATCAATTATAGAAAGCCAAATCAAAATATGTTGATGAAAAATAGCAACCTTTTTATCTCCCCTTCACATGCATCAAGTTATTGACAAACTCTCCCTTCACTCCGAAAGTTCCTTATGTATATTTAAAAGAAAGCCTCAGAGAATTGCTGATTCTTGAGTTTAGTGATCTGAACAGAAATACCAAAATTATTTCAGAAATGTACAACTTTTTACCTAGTACAAGGCAACATATAGGTTGTAAATGTGTTTAAAACAGGTCTTTGTCTTGCTATGGGGAGAAAAGACATGAATATGATTAGTAAAGAAATGACACTTTTCATGTGTGATTTCCCCTCCAAGGTATGGTTAATAAGTTTCACTGACTTAGAACCAGGCGAGAGACTTGTGGCCTGGGAGAGCTGGGGAAGCTTCTTAAATGAGAAGGAATTTGAGTTGGATCATCTATTGCTGGCAAAGACAGAAGCCTCACTGCAAGCACTGCATGGGCAAGCTTGGCTGTAGAAGGAGACAGAGCTGGTTGGGAAGACATGGGGAGGAAGGACAAGGCTAGATCATGAAGAACCTTGACGGCATTGCTCCGTCTAAGTCATGAGCTGAGCAGGGAGATCCTGGTTGGTGTTGCAGAAGGTTTACTCTGTGGCCAAAGGAGGGTCAGGAAGGATGAGCATTTAGGGCAAGGAGACCACCAACAGCCCTCAGGTCAGGGTGAGGATGGCCTCTGCTAAGCTCAAGGCGTGAGGATGGGAAGGAGGGAGGTATTCGTAAGGATGGGAAGGAGGGAGGTATTCGTGCAGCATATGAGGATGCAGAGTCAGCAGAACTGGGGTGGATTTGG(T/G)TTGGAAGTGAGGGTCAGAGAGGAGTCAGAGAGAATCCCTAGTCTTCAAGCAGATTGGAGAAACCCTTGAAAAGACATCAAGCACAGAAGGAGGAGGAGGAGGTTTAGGTCAAGAAGAAGATGGATTGGTGTAAAAGGATGGGTCTGGTTTGCAGAGCTTGAACACAGTCTCACCCAGACTCCAGGCTGTCTTTCACTGAATGCTTCTGACTTCATAGATTTCCTTCCCATCCCAGCTGAAATACTGAGGGGTCTCCAGGAGGAGACTAGATTTATGAATACACGAGGTATGAGGTCTAGGAACATACTTCAGCTCACACATGAGATCTAGGTGAGGATTGATTACCTAGTAGTCATTTCATGGGTTGTTGGGAGGATTCTATGAGGCAACCACAGGCAGCATTTAGCACATACTACACATTCAATAAGCATCAAACTCTTAGTTACTCATTCAGGGATAGCACTGAGCAAAGCATTGAGCAAAGGGGTCCCATAGAGGTGAGGGAAGCCTGAAAAACTAAGATGCTGCCTGCCCAGTGCACACAAGTGTAGGTATCATTTTCTGCATTTAACCGTCAATAGGCAAAGGGGGGAAGGGACATATTCATTTGGAAATAAGCTGCCTTGAGCCTTAAAACCCACAAAAGTACAATTTACCAGCCTCCGTATTTCAGACTGAATGGGGGTGGGGGGGGCGCCTTA(G/C)GTACTTATTCCAGATGCCTTCTCCAGACAAACCAGAAGCAACAGAAAAAATCGTCTCTCCCTCCCTTTGAAATGAATATACCCCTTAGTGTTTGGGTATATTCATTTCAAAGGGAGAGAGAGAGGTTTTTTTCTGTTCT(T/G)TCTCATATGATTGTGCACATACTTGAGACTGTTTTGAATTTGGGGGATGGCTAAAACCATCATAGTACAGGTAAGGTGAGGGAATAGTAAGTGGTGAGAACTACTCAGGGAATGAAGGTGTCAGAATAATAAGAGGTGCTACTGACTTTCTCAGCCTCTGAATATGAACGGTGAGCATTGTGGCTGTCAGCAGGAAGCAACGAAGGGAAATGTCTTTCCTTTTGCTCTTAAGTTGTGGAGAGTGCAACAGTAGCATAGGACCCTACCCTCTGGGCCAAGTCAAAGACATTCTGACATCTTAGTATTTGCATATTCTTATGTATGTGAAAGTTACAAATTGCTTGAAAGAAAATATGCATCT	GGTGGAACAAGATGGATTATCAAGTGTCAAGTCCAATCTATGACATCAATTATTATACATCGGAGCCCTGCCAAAAAATCAATGTGAAGCAAATCGCAGCCCGCCTCCTGCCTCCGCTCTACTCACTGGTGTTCATCTTTGGTTTTGTGGGCAACATGCTGGTCATCCTCATCCTGATAAACTGCAAAAGGCTGAAGAGCATGACTGACATCTACCTGCTCAACCTGGCCATCTCTGACCTGTTTTTCCTTCTTACTGTCCCCTTCTGGGCTCACTATGCTGCCGCCCAGTGGGACTTTGGAAATACAATGTGTCAACTCTTGACAGGGCTCTATTTTATAGGCTTCTTCTCTGGAATCTTCTTCATCATCCTCCTGACAATCGATAGGTACCTGGCTGTCGTCCATGCTGTGTTTGCTTTAAAAGCCAGGACGGTCACCTTTGGGGTGGTGACAAGTGTGATCACTTGGGTGGTGGCTGTGTTTGCGTCTCTCCCAGGAATCATCTTTACCAGATCTCAAAAAGAAGGTCTTCATTACACCTGCAGCTCTCATTTTCCATACAGTCAGTATCAATTCTGGAAGAATTTCCAGACATTAAAGATAGTCATCTTGGGGCTGGTCCTGCCGCTGCTTGTCATGGTCATCTGCTACTCGGGAATCCTAAAAACTCTGCTTCGGTGTCGAAATGAGAAGAAGAGGCACAGGGCTGTGAGGCTTATCTTCACCATCATGATTGTTTATTTTCTCTTCTGGGCTCCCTACAACATTGTCCTTCTCCTGAACACCTTCCAGGAATTCTTTGGCCTGAATAATTGCAGTAGCTCTAACAGGTTGGACCAAGCTATGCAGGTGACAGAGACTCTTGGGATGACGCACTGCTGCATCAACCCCATCATCTATGCCTTTGTCGGGGAGAAGTTCAGAAACTACCTCTTAGTCTTCTTCCAAAAGCACATTGCCAAACGCTTCTGCAAATGCTGTTCTATTTTCCAGCAAGAGGCTCCCGAGCGAGCAAGCTCAGTTTACACCCGATCCACTGGGGAGCAGGAAATATCTGTGGGCTTGTGACACGGACTCAAGTGGGCTGGTGACCCAGTCAGAGTTGTGCACATGGCTTAGTTTTCATACACAGCCTGGGCTGGGGGTGGGGTGGGAGAGGTCTTTTTTAAAAGGAAGTTACTGTTATAGAGGGTCTAAGATTCATCCATTTATTTGGCATCTGTTTAAAGTAGATTAGATCTTTTAAGCCCATCAATTATAGAAAGCCAAATCAAAATATGTTGATGAAAAATAGCAACCTTTTTATCTCCCCTTCACATGCATCAAGTTATTGACAAACTCTCCCTTCACTCCGAAAGTTCCTTATGTATATTTAAAAGAAAGCCTCAGAGAATTGCTGATTCTTGAGTTTAGTGATCTGAACAGAAATACCAAAATTATTTCAGAAATGTACAACTTTTTACCTAGTACAAGGCAACATATAGGTTGTAAATGTGTTTAAAACAGGTCTTTGTCTTGCTATGGGGAGAAAAGACATGAATATGATTAGTAAAGAAATGACACTTTTCATGTGTGATTTCCCCTCCAAGGTATGGTTAATAAGTTTCACTGACTTAGAACCAGGCGAGAGACTTGTGGCCTGGGAGAGCTGGGGAAGCTTCTTAAATGAGAAGGAATTTGAGTTGGATCATCTATTGCTGGCAAAGACAGAAGCCTCACTGCAAGCACTGCATGGGCAAGCTTGGCTGTAGAAGGAGACAGAGCTGGTTGGGAAGACATGGGGAGGAAGGACAAGGCTAGATCATGAAGAACCTTGACGGCATTGCTCCGTCTAAGTCATGAGCTGAGCAGGGAGATCCTGGTTGGTGTTGCAGAAGGTTTACTCTGTGGCCAAAGGAGGGTCAGGAAGGATGAGCATTTAGGGCAAGGAGACCACCAACAGCCCTCAGGTCAGGGTGAGGATGGCCTCTGCTAAGCTCAAGGCGTGAGGATGGGAAGGAGGGAGGTATTCGTAAGGATGGGAAGGAGGGAGGTATTCGTGCAGCATATGAGGATGCAGAGTCAGCAGAACTGGGGTGGATTTGGGTTGGAAGTGAGGGTCAGAGAGGAGTCAGAGAGAATCCCTAGTCTTCAAGCAGATTGGAGAAACCCTTGAAAAGACATCAAGCACAGAAGGAGGAGGAGGAGGTTTAGGTCAAGAAGAAGATGGATTGGTGTAAAAGGATGGGTCTGGTTTGCAGAGCTTGAACACAGTCTCACCCAGACTCCAGGCTGTCTTTCACTGAATGCTTCTGACTTCATAGATTTCCTTCCCATCCCAGCTGAAATACTGAGGGGTCTCCAGGAGGAGACTAGATTTATGAATACACGAGGTATGAGGTCTAGGAACATACTTCAGCTCACACATGAGATCTAGGTGAGGATTGATTACCTAGTAGTCATTTCATGGGTTGTTGGGAGGATTCTATGAGGCAACCACAGGCAGCATTTAGCACATACTACACATTCAATAAGCATCAAACTCTTAGTTACTCATTCAGGGATAGCACTGAGCAAAGCATTGAGCAAAGGGGTCCCATAGAGGTGAGGGAAGCCTGAAAAACTAAGATGCTGCCTGCCCAGTGCACACAAGTGTAGGTATCATTTTCTGCATTTAACCGTCAATAGGCAAAGGGGGGAAGGGACATATTCATTTGGAAATAAGCTGCCTTGAGCCTTAAAACCCACAAAAGTACAATTTACCAGCCTCCGTATTTCAGACTGAATGGGGGTGGGGGGGGCGCCTTAGGTACTTATTCCAGATGCCTTCTCCAGACAAACCAGAAGCAACAGAAAAAATCGTCTCTCCCTCCCTTTGAAATGAATATACCCCTTAGTGTTTGGGTATATTCATTTCAAAGGGAGAGAGAGAGGTTTTTTTCTGTTCTGTCTCATATGATTGTGCACATACTTGAGACTGTTTTGAATTTGGGGGATGGCTAAAACCATCATAGTACAGGTAAGGTGAGGGAATAGTAAGTGGTGAGAACTACTCAGGGAATGAAGGTGTCAGAATAATAAGAGGTGCTACTGACTTTCTCAGCCTCTGAATATGAACGGTGAGCATTGTGGCTGTCAGCAGGAAGCAACGAAGGGAAATGTCTTTCCTTTTGCTCTTAAGTTGTGGAGAGTGCAACAGTAGCATAGGACCCTACCCTCTGGGCCAAGTCAAAGACATTCTGACATCTTAGTATTTGCATATTCTTATGTATGTGAAAGTTACAAATTGCTTGAAAGAAAATATGCATCT	-	0	636	46416470:T/G;46417172:G/C;46417312:T/G	0.19234	