Genome	Chromosome	Start	End	Type	Processed_Sequence	Reference	SNP	SNP_Freq	Sequencing_Variance_Freq	Haploid	Approx_sequencing_rate
56001808050381	22	24236190	24236768	exon	TACAGGGGCTCAGTGCGTGCAGTGGAATGAACTGGGCTTCATCTCTGGAAGGGTAAGGGGCCATCTTCCGGGTTCACCGCCGCATCCCCACCCCCGGCACAGCGCCTCCTGGCGACTAACATCGGTGACTTAGTGAAAGGACTAAGAAAGACCCGAGGCGAGGCCGGAACAGGCCGATTTCTAGCCGCCAAGTGGAGAACAGGTTGGAGCGGTGCGCCGGGCTTAGCGGCGGTTGCTGGAGGAACGGGCGGAGTCGCCCAGGGTCCTGCCCTGCGGGGGTCGAGCCGAGGCAGGCGGTGACTTCCCCACTCGGGGCGGAGCCGCAGCCTCGCGGGGGCGGGGCCTGGCGCCGGCGGTGGCGTCACAAAAGGCGGGACCACAGTGGTGTCCGAGAAGTCAGGCACGTAGCTCAGCGGCGGCCGCGGCGCGTGCGTCTGTGCCTCTGCGCGGGTCTCCTGGTCCTTCTGCCATCATGCCGATGTTCATCGTAAACACCAACGTGCCCCGCGCCTCCGTGCCGGACGGGTTCCTCTCCGAGCTCACCCAGCAGCTGGCGCAGGCCACCGGCAAGCCCCCCCA	TACAGGGGCTCAGTGCGTGCAGTGGAATGAACTGGGCTTCATCTCTGGAAGGGTAAGGGGCCATCTTCCGGGTTCACCGCCGCATCCCCACCCCCGGCACAGCGCCTCCTGGCGACTAACATCGGTGACTTAGTGAAAGGACTAAGAAAGACCCGAGGCGAGGCCGGAACAGGCCGATTTCTAGCCGCCAAGTGGAGAACAGGTTGGAGCGGTGCGCCGGGCTTAGCGGCGGTTGCTGGAGGAACGGGCGGAGTCGCCCAGGGTCCTGCCCTGCGGGGGTCGAGCCGAGGCAGGCGGTGACTTCCCCACTCGGGGCGGAGCCGCAGCCTCGCGGGGGCGGGGCCTGGCGCCGGCGGTGGCGTCACAAAAGGCGGGACCACAGTGGTGTCCGAGAAGTCAGGCACGTAGCTCAGCGGCGGCCGCGGCGCGTGCGTCTGTGCCTCTGCGCGGGTCTCCTGGTCCTTCTGCCATCATGCCGATGTTCATCGTAAACACCAACGTGCCCCGCGCCTCCGTGCCGGACGGGTTCCTCTCCGAGCTCACCCAGCAGCTGGCGCAGGCCACCGGCAAGCCCCCCCA	-	0	64	-	0.11054	
56001808050381	22	24236958	24237130	CDS	GTACATCGCGGTGCACGTGGTCCCGGACCAGCTCATGGCCTTCGGCGGCTCCAGCGAGCCGTGCGCGCTCTGCAGCCTGCACAGCATCGGCAAGATCGGCGGCGCGCAGAACCGCTCCTACAGCAAGCTGCTGTGCGGCCTGCTGGCCGAGCGCCTGCGCATCAGCCCGGACA	GTACATCGCGGTGCACGTGGTCCCGGACCAGCTCATGGCCTTCGGCGGCTCCAGCGAGCCGTGCGCGCTCTGCAGCCTGCACAGCATCGGCAAGATCGGCGGCGCGCAGAACCGCTCCTACAGCAAGCTGCTGTGCGGCCTGCTGGCCGAGCGCCTGCGCATCAGCCCGGACA	-	0	96	-	0.55491	
56001808050381	22	24237226	24237412	exon	GGGTCTACATCAACTATTACGACATGAACGCGGCCAATGTGGGCTGGAACAACTCCACCTTCGCCTAAGAGCCGCAGGGACCCACGCTGTCTGCGCTGGCTCCACCCGGGAACCCGCCGCACGCTGTGTTCTAGGCCCGCCCACCCCAACCTTCTGGTGGGGAGAAATAAACGGTTTAGAGACTAGG	GGGTCTACATCAACTATTACGACATGAACGCGGCCAATGTGGGCTGGAACAACTCCACCTTCGCCTAAGAGCCGCAGGGACCCACGCTGTCTGCGCTGGCTCCACCCGGGAACCCGCCGCACGCTGTGTTCTAGGCCCGCCCACCCCAACCTTCTGGTGGGGAGAAATAAACGGTTTAGAGACTAGG	-	0	60	-	0.32086	
56001808050381	22	24236661	24236768	CDS	CATGCCGATGTTCATCGTAAACACCAACGTGCCCCGCGCCTCCGTGCCGGACGGGTTCCTCTCCGAGCTCACCCAGCAGCTGGCGCAGGCCACCGGCAAGCCCCCCCA	CATGCCGATGTTCATCGTAAACACCAACGTGCCCCGCGCCTCCGTGCCGGACGGGTTCCTCTCCGAGCTCACCCAGCAGCTGGCGCAGGCCACCGGCAAGCCCCCCCA	-	0	26	-	0.24074	
56001808050381	22	24236958	24237130	CDS	GTACATCGCGGTGCACGTGGTCCCGGACCAGCTCATGGCCTTCGGCGGCTCCAGCGAGCCGTGCGCGCTCTGCAGCCTGCACAGCATCGGCAAGATCGGCGGCGCGCAGAACCGCTCCTACAGCAAGCTGCTGTGCGGCCTGCTGGCCGAGCGCCTGCGCATCAGCCCGGACA	GTACATCGCGGTGCACGTGGTCCCGGACCAGCTCATGGCCTTCGGCGGCTCCAGCGAGCCGTGCGCGCTCTGCAGCCTGCACAGCATCGGCAAGATCGGCGGCGCGCAGAACCGCTCCTACAGCAAGCTGCTGTGCGGCCTGCTGGCCGAGCGCCTGCGCATCAGCCCGGACA	-	0	96	-	0.55491	
56001808050381	22	24237226	24237289	CDS	GGGTCTACATCAACTATTACGACATGAACGCGGCCAATGTGGGCTGGAACAACTCCACCTTCGC	GGGTCTACATCAACTATTACGACATGAACGCGGCCAATGTGGGCTGGAACAACTCCACCTTCGC	-	0	50	-	0.78125	
56001808050381	22	24236190	24236660	five_prime_utr	TACAGGGGCTCAGTGCGTGCAGTGGAATGAACTGGGCTTCATCTCTGGAAGGGTAAGGGGCCATCTTCCGGGTTCACCGCCGCATCCCCACCCCCGGCACAGCGCCTCCTGGCGACTAACATCGGTGACTTAGTGAAAGGACTAAGAAAGACCCGAGGCGAGGCCGGAACAGGCCGATTTCTAGCCGCCAAGTGGAGAACAGGTTGGAGCGGTGCGCCGGGCTTAGCGGCGGTTGCTGGAGGAACGGGCGGAGTCGCCCAGGGTCCTGCCCTGCGGGGGTCGAGCCGAGGCAGGCGGTGACTTCCCCACTCGGGGCGGAGCCGCAGCCTCGCGGGGGCGGGGCCTGGCGCCGGCGGTGGCGTCACAAAAGGCGGGACCACAGTGGTGTCCGAGAAGTCAGGCACGTAGCTCAGCGGCGGCCGCGGCGCGTGCGTCTGTGCCTCTGCGCGGGTCTCCTGGTCCTTCTGCCAT	TACAGGGGCTCAGTGCGTGCAGTGGAATGAACTGGGCTTCATCTCTGGAAGGGTAAGGGGCCATCTTCCGGGTTCACCGCCGCATCCCCACCCCCGGCACAGCGCCTCCTGGCGACTAACATCGGTGACTTAGTGAAAGGACTAAGAAAGACCCGAGGCGAGGCCGGAACAGGCCGATTTCTAGCCGCCAAGTGGAGAACAGGTTGGAGCGGTGCGCCGGGCTTAGCGGCGGTTGCTGGAGGAACGGGCGGAGTCGCCCAGGGTCCTGCCCTGCGGGGGTCGAGCCGAGGCAGGCGGTGACTTCCCCACTCGGGGCGGAGCCGCAGCCTCGCGGGGGCGGGGCCTGGCGCCGGCGGTGGCGTCACAAAAGGCGGGACCACAGTGGTGTCCGAGAAGTCAGGCACGTAGCTCAGCGGCGGCCGCGGCGCGTGCGTCTGTGCCTCTGCGCGGGTCTCCTGGTCCTTCTGCCAT	-	0	38	-	0.08068	
56001808050381	22	24237293	24237412	three_prime_utr	AGAGCCGCAGGGACCCACGCTGTCTGCGCTGGCTCCACCCGGGAACCCGCCGCACGCTGTGTTCTAGGCCCGCCCACCCCAACCTTCTGGTGGGGAGAAATAAACGGTTTAGAGACTAGG	AGAGCCGCAGGGACCCACGCTGTCTGCGCTGGCTCCACCCGGGAACCCGCCGCACGCTGTGTTCTAGGCCCGCCCACCCCAACCTTCTGGTGGGGAGAAATAAACGGTTTAGAGACTAGG	-	0	7	-	0.05833	
56001808050381	22	24236636	24236768	exon	GCGGGTCTCCTGGTCCTTCTGCCATCATGCCGATGTTCATCGTAAACACCAACGTGCCCCGCGCCTCCGTGCCGGACGGGTTCCTCTCCGAGCTCACCCAGCAGCTGGCGCAGGCCACCGGCAAGCCCCCCCA	GCGGGTCTCCTGGTCCTTCTGCCATCATGCCGATGTTCATCGTAAACACCAACGTGCCCCGCGCCTCCGTGCCGGACGGGTTCCTCTCCGAGCTCACCCAGCAGCTGGCGCAGGCCACCGGCAAGCCCCCCCA	-	0	30	-	0.22556	
56001808050381	22	24236958	24237413	exon	GTACATCGCGGTGCACGTGGTCCCGGACCAGCTCATGGCCTTCGGCGGCTCCAGCGAGCCGTGCGCGCTCTGCAGCCTGCACAGCATCGGCAAGATCGGCGGCGCGCAGAACCGCTCCTACAGCAAGCTGCTGTGCGGCCTGCTGGCCGAGCGCCTGCGCATCAGCCCGGACAGGTACGCGGAGTCGCGGAGGGGCGGGGGAGGGGCGGCGGCGCGCGGCCAGGCCCGGGACTGAGCCACCCGCTGAGTCCGGCCTCCTCCCCCCGCAGGGTCTACATCAACTATTACGACATGAACGCGGCCAATGTGGGCTGGAACAACTCCACCTTCGCCTAAGAGCCGCAGGGACCCACGCTGTCTGCGCTGGCTCCACCCGGGAACCCGCCGCACGCTGTGTTCTAGGCCCGCCCACCCCAACCTTCTGGTGGGGAGAAATAAACGGTTTAGAGACTAGGA	GTACATCGCGGTGCACGTGGTCCCGGACCAGCTCATGGCCTTCGGCGGCTCCAGCGAGCCGTGCGCGCTCTGCAGCCTGCACAGCATCGGCAAGATCGGCGGCGCGCAGAACCGCTCCTACAGCAAGCTGCTGTGCGGCCTGCTGGCCGAGCGCCTGCGCATCAGCCCGGACAGGTACGCGGAGTCGCGGAGGGGCGGGGGAGGGGCGGCGGCGCGCGGCCAGGCCCGGGACTGAGCCACCCGCTGAGTCCGGCCTCCTCCCCCCGCAGGGTCTACATCAACTATTACGACATGAACGCGGCCAATGTGGGCTGGAACAACTCCACCTTCGCCTAAGAGCCGCAGGGACCCACGCTGTCTGCGCTGGCTCCACCCGGGAACCCGCCGCACGCTGTGTTCTAGGCCCGCCCACCCCAACCTTCTGGTGGGGAGAAATAAACGGTTTAGAGACTAGGA	-	0	234	-	0.51316	
56001808050381	22	24236884	24237130	exon	TGGCTCGGGC(C/G)CGAAGTGGACGTTCGGGGCCCGACGAGGTCGCTGGGGCGGGCTGACCGCGCCCTTTCCTCGCAGTACATCGCGGTGCACGTGGTCCCGGACCAGCTCATGGCCTTCGGCGGCTCCAGCGAGCCGTGCGCGCTCTGCAGCCTGCACAGCATCGGCAAGATCGGCGGCGCGCAGAACCGCTCCTACAGCAAGCTGCTGTGCGGCCTGCTGGCCGAGCGCCTGCGCATCAGCCCGGACA	TGGCTCGGGCCCGAAGTGGACGTTCGGGGCCCGACGAGGTCGCTGGGGCGGGCTGACCGCGCCCTTTCCTCGCAGTACATCGCGGTGCACGTGGTCCCGGACCAGCTCATGGCCTTCGGCGGCTCCAGCGAGCCGTGCGCGCTCTGCAGCCTGCACAGCATCGGCAAGATCGGCGGCGCGCAGAACCGCTCCTACAGCAAGCTGCTGTGCGGCCTGCTGGCCGAGCGCCTGCGCATCAGCCCGGACA	-	0	170	24236894:C/G	0.68421	
56001808050381	22	24237226	24237413	exon	GGGTCTACATCAACTATTACGACATGAACGCGGCCAATGTGGGCTGGAACAACTCCACCTTCGCCTAAGAGCCGCAGGGACCCACGCTGTCTGCGCTGGCTCCACCCGGGAACCCGCCGCACGCTGTGTTCTAGGCCCGCCCACCCCAACCTTCTGGTGGGGAGAAATAAACGGTTTAGAGACTAGGA	GGGTCTACATCAACTATTACGACATGAACGCGGCCAATGTGGGCTGGAACAACTCCACCTTCGCCTAAGAGCCGCAGGGACCCACGCTGTCTGCGCTGGCTCCACCCGGGAACCCGCCGCACGCTGTGTTCTAGGCCCGCCCACCCCAACCTTCTGGTGGGGAGAAATAAACGGTTTAGAGACTAGGA	-	0	61	-	0.32447	
TSAB2165	22	24236190	24236768	exon	TACAGGGGCTCAGTGCGTGCAGTGGAATGAACTGGGCTTCATCTCTGGAAGGGTAAGGGGCCATCTTCCGGGTTCACCGCCGCATCCCCACCCCCGGCACAGCGCCTCCTGGCGACTAACATCGGTGACTTAGTGAAAGGACTAAGAAAGACCCGAGGCGAGGCCGGAACAGGCCGATTTCTAGCCGCCAAGTGGAGAACAGGTTGGAGCGGTGCGCCGGGCTTAGCGGCGGTTGCTGGAGGAACGGGCGGAGTCGCCCAGGGTCCTGCCCTGCGGGGGTCGAGCCGAGGCAGGCGGTGACTTCCCCACTCGGGGCGGAGCCGCAGCCTCGCGGGGGCGGGGCCTGGCGCCGGCGGTGGCGTCACAAAAGGCGGGACCACAGTGGTGTCCGAGAAGTCAGGCACGTAGCTCAGCGGCGGCCGCGGCGCGTGCGTCTGTGCCTCTGCGCGGGTCTCCTGGTCCTTCTGCCATCATGCCGATGTTCATCGTAAACACCAACGTGCCCCGCGCCTCCGTGCCGGACGGGTTCCTCTCCGAGCTCACCCAGCAGCTGGCGCAGGCCACCGGCAAGCCCCCCCA	TACAGGGGCTCAGTGCGTGCAGTGGAATGAACTGGGCTTCATCTCTGGAAGGGTAAGGGGCCATCTTCCGGGTTCACCGCCGCATCCCCACCCCCGGCACAGCGCCTCCTGGCGACTAACATCGGTGACTTAGTGAAAGGACTAAGAAAGACCCGAGGCGAGGCCGGAACAGGCCGATTTCTAGCCGCCAAGTGGAGAACAGGTTGGAGCGGTGCGCCGGGCTTAGCGGCGGTTGCTGGAGGAACGGGCGGAGTCGCCCAGGGTCCTGCCCTGCGGGGGTCGAGCCGAGGCAGGCGGTGACTTCCCCACTCGGGGCGGAGCCGCAGCCTCGCGGGGGCGGGGCCTGGCGCCGGCGGTGGCGTCACAAAAGGCGGGACCACAGTGGTGTCCGAGAAGTCAGGCACGTAGCTCAGCGGCGGCCGCGGCGCGTGCGTCTGTGCCTCTGCGCGGGTCTCCTGGTCCTTCTGCCATCATGCCGATGTTCATCGTAAACACCAACGTGCCCCGCGCCTCCGTGCCGGACGGGTTCCTCTCCGAGCTCACCCAGCAGCTGGCGCAGGCCACCGGCAAGCCCCCCCA	-	0	75	-	0.12953	
TSAB2165	22	24236958	24237130	CDS	GTACATCGCGGTGCACGTGGTCCCGGACCAGCTCATGGCCTTCGGCGGCTCCAGCGAGCCGTGCGCGCTCTGCAGCCTGCACAGCATCGGCAAGATCGGCGGCGCGCAGAACCGCTCCTACAGCAAGCTGCTGTGCGGCCTGCTGGCCGAGCGCCTGCGCATCAGCCCGGACA	GTACATCGCGGTGCACGTGGTCCCGGACCAGCTCATGGCCTTCGGCGGCTCCAGCGAGCCGTGCGCGCTCTGCAGCCTGCACAGCATCGGCAAGATCGGCGGCGCGCAGAACCGCTCCTACAGCAAGCTGCTGTGCGGCCTGCTGGCCGAGCGCCTGCGCATCAGCCCGGACA	-	0	80	-	0.46243	
TSAB2165	22	24237226	24237412	exon	GGGTCTACATCAACTATTACGACATGAACGCGGCCAATGTGGGCTGGAACAACTCCACCTTCGCCTAAGAGCCGCAGGGACCCACGCTGTCTGCGCTGGCTCCACCCGGGAACCCGCCGCACGCTGTGTTCTAGGCCCGCCCACCCCAACCTTCTGGTGGGGAGAAATAAACGGTTTAGAGACTAGG	GGGTCTACATCAACTATTACGACATGAACGCGGCCAATGTGGGCTGGAACAACTCCACCTTCGCCTAAGAGCCGCAGGGACCCACGCTGTCTGCGCTGGCTCCACCCGGGAACCCGCCGCACGCTGTGTTCTAGGCCCGCCCACCCCAACCTTCTGGTGGGGAGAAATAAACGGTTTAGAGACTAGG	-	0	15	-	0.08021	
TSAB2165	22	24236661	24236768	CDS	CATGCCGATGTTCATCGTAAACACCAACGTGCCCCGCGCCTCCGTGCCGGACGGGTTCCTCTCCGAGCTCACCCAGCAGCTGGCGCAGGCCACCGGCAAGCCCCCCCA	CATGCCGATGTTCATCGTAAACACCAACGTGCCCCGCGCCTCCGTGCCGGACGGGTTCCTCTCCGAGCTCACCCAGCAGCTGGCGCAGGCCACCGGCAAGCCCCCCCA	-	0	10	-	0.09259	
TSAB2165	22	24236958	24237130	CDS	GTACATCGCGGTGCACGTGGTCCCGGACCAGCTCATGGCCTTCGGCGGCTCCAGCGAGCCGTGCGCGCTCTGCAGCCTGCACAGCATCGGCAAGATCGGCGGCGCGCAGAACCGCTCCTACAGCAAGCTGCTGTGCGGCCTGCTGGCCGAGCGCCTGCGCATCAGCCCGGACA	GTACATCGCGGTGCACGTGGTCCCGGACCAGCTCATGGCCTTCGGCGGCTCCAGCGAGCCGTGCGCGCTCTGCAGCCTGCACAGCATCGGCAAGATCGGCGGCGCGCAGAACCGCTCCTACAGCAAGCTGCTGTGCGGCCTGCTGGCCGAGCGCCTGCGCATCAGCCCGGACA	-	0	80	-	0.46243	
TSAB2165	22	24237226	24237289	CDS	GGGTCTACATCAACTATTACGACATGAACGCGGCCAATGTGGGCTGGAACAACTCCACCTTCGC	GGGTCTACATCAACTATTACGACATGAACGCGGCCAATGTGGGCTGGAACAACTCCACCTTCGC	-	0	4	-	0.0625	
TSAB2165	22	24236190	24236660	five_prime_utr	TACAGGGGCTCAGTGCGTGCAGTGGAATGAACTGGGCTTCATCTCTGGAAGGGTAAGGGGCCATCTTCCGGGTTCACCGCCGCATCCCCACCCCCGGCACAGCGCCTCCTGGCGACTAACATCGGTGACTTAGTGAAAGGACTAAGAAAGACCCGAGGCGAGGCCGGAACAGGCCGATTTCTAGCCGCCAAGTGGAGAACAGGTTGGAGCGGTGCGCCGGGCTTAGCGGCGGTTGCTGGAGGAACGGGCGGAGTCGCCCAGGGTCCTGCCCTGCGGGGGTCGAGCCGAGGCAGGCGGTGACTTCCCCACTCGGGGCGGAGCCGCAGCCTCGCGGGGGCGGGGCCTGGCGCCGGCGGTGGCGTCACAAAAGGCGGGACCACAGTGGTGTCCGAGAAGTCAGGCACGTAGCTCAGCGGCGGCCGCGGCGCGTGCGTCTGTGCCTCTGCGCGGGTCTCCTGGTCCTTCTGCCAT	TACAGGGGCTCAGTGCGTGCAGTGGAATGAACTGGGCTTCATCTCTGGAAGGGTAAGGGGCCATCTTCCGGGTTCACCGCCGCATCCCCACCCCCGGCACAGCGCCTCCTGGCGACTAACATCGGTGACTTAGTGAAAGGACTAAGAAAGACCCGAGGCGAGGCCGGAACAGGCCGATTTCTAGCCGCCAAGTGGAGAACAGGTTGGAGCGGTGCGCCGGGCTTAGCGGCGGTTGCTGGAGGAACGGGCGGAGTCGCCCAGGGTCCTGCCCTGCGGGGGTCGAGCCGAGGCAGGCGGTGACTTCCCCACTCGGGGCGGAGCCGCAGCCTCGCGGGGGCGGGGCCTGGCGCCGGCGGTGGCGTCACAAAAGGCGGGACCACAGTGGTGTCCGAGAAGTCAGGCACGTAGCTCAGCGGCGGCCGCGGCGCGTGCGTCTGTGCCTCTGCGCGGGTCTCCTGGTCCTTCTGCCAT	-	0	65	-	0.138	
TSAB2165	22	24237293	24237412	three_prime_utr	AGAGCCGCAGGGACCCACGCTGTCTGCGCTGGCTCCACCCGGGAACCCGCCGCACGCTGTGTTCTAGGCCCGCCCACCCCAACCTTCTGGTGGGGAGAAATAAACGGTTTAGAGACTAGG	AGAGCCGCAGGGACCCACGCTGTCTGCGCTGGCTCCACCCGGGAACCCGCCGCACGCTGTGTTCTAGGCCCGCCCACCCCAACCTTCTGGTGGGGAGAAATAAACGGTTTAGAGACTAGG	-	0	11	-	0.09167	
TSAB2165	22	24236636	24236768	exon	GCGGGTCTCCTGGTCCTTCTGCCATCATGCCGATGTTCATCGTAAACACCAACGTGCCCCGCGCCTCCGTGCCGGACGGGTTCCTCTCCGAGCTCACCCAGCAGCTGGCGCAGGCCACCGGCAAGCCCCCCCA	GCGGGTCTCCTGGTCCTTCTGCCATCATGCCGATGTTCATCGTAAACACCAACGTGCCCCGCGCCTCCGTGCCGGACGGGTTCCTCTCCGAGCTCACCCAGCAGCTGGCGCAGGCCACCGGCAAGCCCCCCCA	-	0	13	-	0.09774	
TSAB2165	22	24236958	24237413	exon	GTACATCGCGGTGCACGTGGTCCCGGACCAGCTCATGGCCTTCGGCGGCTCCAGCGAGCCGTGCGCGCTCTGCAGCCTGCACAGCATCGGCAAGATCGGCGGCGCGCAGAACCGCTCCTACAGCAAGCTGCTGTGCGGCCTGCTGGCCGAGCGCCTGCGCATCAGCCCGGACAGGTACGCGGAGTCGCGGAGGGGCGGGGGAGGGGCGGCGGCGCGCGGCCAGGCCCGGGACTGAGCCACCCGCTGAGTCCGGCCTCCTCCCCCCGCAGGGTCTACATCAACTATTACGACATGAACGCGGCCAATGTGGGCTGGAACAACTCCACCTTCGCCTAAGAGCCGCAGGGACCCACGCTGTCTGCGCTGGCTCCACCCGGGAACCCGCCGCACGCTGTGTTCTAGGCCCGCCCACCCCAACCTTCTGGTGGGGAGAAATAAACGGTTTAGAGACTAGGA	GTACATCGCGGTGCACGTGGTCCCGGACCAGCTCATGGCCTTCGGCGGCTCCAGCGAGCCGTGCGCGCTCTGCAGCCTGCACAGCATCGGCAAGATCGGCGGCGCGCAGAACCGCTCCTACAGCAAGCTGCTGTGCGGCCTGCTGGCCGAGCGCCTGCGCATCAGCCCGGACAGGTACGCGGAGTCGCGGAGGGGCGGGGGAGGGGCGGCGGCGCGCGGCCAGGCCCGGGACTGAGCCACCCGCTGAGTCCGGCCTCCTCCCCCCGCAGGGTCTACATCAACTATTACGACATGAACGCGGCCAATGTGGGCTGGAACAACTCCACCTTCGCCTAAGAGCCGCAGGGACCCACGCTGTCTGCGCTGGCTCCACCCGGGAACCCGCCGCACGCTGTGTTCTAGGCCCGCCCACCCCAACCTTCTGGTGGGGAGAAATAAACGGTTTAGAGACTAGGA	-	0	112	-	0.24561	
TSAB2165	22	24236884	24237130	exon	TGGCTCGGGC(C/G)CGAAGTGGACGTTCGGGGC(C/G)CGACGAGGTCGCTGGGGCGGGCTGACCGCGCCCTTTCCTCGCAGTACATCGCGGTGCACGTGGTCCCGGACCAGCTCATGGCCTTCGGCGGCTCCAGCGAGCCGTGCGCGCTCTGCAGCCTGCACAGCATCGGCAAGATCGGCGGCGCGCAGAACCGCTCCTACAGCAAGCTGCTGTGCGGCCTGCTGGCCGAGCGCCTGCGCATCAGCCCGGACA	TGGCTCGGGCCCGAAGTGGACGTTCGGGGCCCGACGAGGTCGCTGGGGCGGGCTGACCGCGCCCTTTCCTCGCAGTACATCGCGGTGCACGTGGTCCCGGACCAGCTCATGGCCTTCGGCGGCTCCAGCGAGCCGTGCGCGCTCTGCAGCCTGCACAGCATCGGCAAGATCGGCGGCGCGCAGAACCGCTCCTACAGCAAGCTGCTGTGCGGCCTGCTGGCCGAGCGCCTGCGCATCAGCCCGGACA	-	0	154	24236894:C/G;24236914:C/G	0.61538	
TSAB2165	22	24237226	24237413	exon	GGGTCTACATCAACTATTACGACATGAACGCGGCCAATGTGGGCTGGAACAACTCCACCTTCGCCTAAGAGCCGCAGGGACCCACGCTGTCTGCGCTGGCTCCACCCGGGAACCCGCCGCACGCTGTGTTCTAGGCCCGCCCACCCCAACCTTCTGGTGGGGAGAAATAAACGGTTTAGAGACTAGGA	GGGTCTACATCAACTATTACGACATGAACGCGGCCAATGTGGGCTGGAACAACTCCACCTTCGCCTAAGAGCCGCAGGGACCCACGCTGTCTGCGCTGGCTCCACCCGGGAACCCGCCGCACGCTGTGTTCTAGGCCCGCCCACCCCAACCTTCTGGTGGGGAGAAATAAACGGTTTAGAGACTAGGA	-	0	15	-	0.07979	